Page,Titre,Prix,URL,Marque,Etat du vÃ©hicule,AnnÃ©e,Puissance fiscale,Boite,Type de carrosserie,Couleur du vÃ©hicule,Carburant,CylindrÃ©e,ModÃ¨le,KilomÃ©trage
1,Jeep Compass 4xE 80th Anniversary Edition Hybrid (Limited Edition),130900DT,https://www.tayara.tn/item/68d3378a07c7711d7c74397e/Voitures/Sousse/Sahloul/Jeep_Compass_4xE_80th_Anniversary_Edition_Hybrid_Limited_Edition/,Jeep,Avec kilomÃ©trage,2022,7,Automatique,4 x 4,Gris,Essence,,Compass,124000
1,Seat Arona,72500DT,https://www.tayara.tn/item/6894c2d7fde7ee723b46de5f/Voitures/Ben_Arous/Boumhel/Seat_Arona/,Seat,Nouveau,2023,6,Automatique,Compacte,Bleu,Essence,<1.0L,Arosa,102000
1,"BMW X2 
20i 2.0i TURBO XDRIVE",148000DT,https://www.tayara.tn/item/68c88fdb516f1ddb82db18a2/Voitures/Kairouan/Kairouan_Sud/BMW_X2_20i_20i_TURBO_XDRIVE/,BMW,Nouveau,2019,11,Automatique,4 x 4,Gris,Essence,2.0L,M,75000
1,Mercedes E200,265000DT,https://www.tayara.tn/item/68de7fabe7035d31a40da6c5/Voitures/Sousse/M_Saken/Mercedes_E200/,Mercedes-Benz,Nouveau,2022,12,Automatique,Autres,Noir,Essence,2.0L,E CoupÃ©,61000
1,ğŸš— Volkswagen Tiguan 2015 â€“ Essence 2.0 â€“ Full Options â€“ Gulf Specs ğŸŒŸ,69000DT,https://www.tayara.tn/item/68de5c58e7035d31a40d95a4/Voitures/Ariana/La_Soukra/_Volkswagen_Tiguan_2015_Essence_20_Full_Options_Gulf_Specs_/,Volkswagen,Avec kilomÃ©trage,2015,12,Automatique,4 x 4,,Essence,,Tiguan,
1,AUDI A7 NEUF,275000DT,https://www.tayara.tn/item/68d25e0b516f1ddb82e10929/Voitures/Ariana/Cit_Ennasr_2/AUDI_A7_NEUF/,Audi,Nouveau,2019,23,Automatique,Berline,Noir,Essence,3.0L,A7,22000
1,Renault MÃ©gane CoupÃ© TBE 54.000km au compteur,36000DT,https://www.tayara.tn/item/68beb5dba9d2ed4d7a79f326/Voitures/Tunis/El_Manar_2/Renault_Mgane_Coup_TBE_54000km_au_compteur_/,Renault,Nouveau,2011,1598,Manuelle,Compacte,Noir,Essence,1.6L,Megane Estate,54000
1,Golf 7 BVA,N/A,https://www.tayara.tn/item/68a0e3bd3398639ecd8d11bd/Voitures/Monastir/Tboulba/Golf_7_BVA/,Volkswagen,Avec kilomÃ©trage,2019,6,Automatique,Berline,Gris,Essence,1.2L,Golf 7,161000
1,Megan 4 - 2021,N/A,https://www.tayara.tn/item/68da79a1516f1ddb82e5da3c/Voitures/Sfax/Route_MANZEL_CHAKER/Megan_4_2021/,Renault,Avec kilomÃ©trage,2021,7,Automatique,Compacte,Argent,Essence,1.3L,Megane,128000
1,Isuzu DMAX,N/A,https://www.tayara.tn/item/68ceff8807c7711d7c718a6a/Voitures/Sfax/El_Hencha/Isuzu_DMAX/,Isuzu,Nouveau,2022,8,Manuelle,Pick up,Blanc,Diesel,2.0L,D-MAX,103000
1,Mercedes GLA 220d,145000DT,https://www.tayara.tn/item/68be16c8985e647fd0ea19bf/Voitures/Tunis/L_Aouina/Mercedes_GLA_220d/,Mercedes-Benz,RS,2017,9,Automatique,,Gris,Diesel,2.2L,Classe GLA,68000
1,Renault megane 4 sedan,53000DT,https://www.tayara.tn/item/6817d294c1f8f57898e9fd20/Voitures/Ariana/Ariana/_Renault_megane_4_sedan/,Renault,Avec kilomÃ©trage,2021,7,Manuelle,Berline,Noir,Essence,1.2L,Megane,60000
1,voiture MG ZS,54000DT,https://www.tayara.tn/item/68e03613e7035d31a40eba67/Voitures/Monastir/Monastir/voiture_MG_ZS/,MG,Avec kilomÃ©trage,2021,7,Automatique,4 x 4,Blanc,Essence,1.5L,e-zs,143000
1,Audi A4,60000DT,https://www.tayara.tn/item/68e034a6e7035d31a40eb94f/Voitures/Kasserine/Sbetla/Audi_A4_/,Audi,Avec kilomÃ©trage,2010,7,Manuelle,Berline,Gris,Diesel,2.0L,A4,26020100
1,mercedes c230 sport,18DT,https://www.tayara.tn/item/68e032a4e7035d31a40eb7bb/Voitures/Ben_Arous/Fouchana/mercedes_c230_sport/,Mercedes-Benz,RS,2004,12,Manuelle,Autres,Gris,Essence,1.8L,Classe C Coupe,226
1,Mazda 6,43DT,https://www.tayara.tn/item/68e031efe7035d31a40eb710/Voitures/Nabeul/Menzel_Temime/Mazda_6/,Mazda,Avec kilomÃ©trage,2017,8,Manuelle,Berline,Noir,Essence,2.0L,6,173
1,Passat b8 importÃ©,N/A,https://www.tayara.tn/item/68e030b4e7035d31a40eb5fe/Voitures/Sfax/Sfax/Passat_b8_import_/,Volkswagen,Avec kilomÃ©trage,2012,5,Manuelle,Berline,Gris,Diesel,1.6L,Passat,200000
1,Renault super 5,8500DT,https://www.tayara.tn/item/68e0309fe7035d31a40eb5e4/Voitures/Ariana/Ariana/Renault_super_5/,Renault,Nouveau,1990,4,Manuelle,Autres,Vert,Essence,1.4L,Super 5,360000
1,cÃ bel spiral toyota hilux,340DT,https://www.tayara.tn/item/68e02f9c6c505afdc05da7d4/Voitures/Tunis/Ain_Zaghouen/cbel_spiral_toyota_hilux_/,Toyota,Nouveau,2012,8,Manuelle,4 x 4,Noir,Diesel,2.5L,Hilux,0
1,voiture,N/A,https://www.tayara.tn/item/68e02f6f6c505afdc05da7a5/Voitures/Mdenine/Djerba_Houmt_Souk/voiture_/,Volkswagen,Avec kilomÃ©trage,2023,8,Automatique,Autres,Gris,Essence,1.4L,Tiguan,45000
1,Dacia dokker,35000DT,https://www.tayara.tn/item/68e02f08e7035d31a40eb46f/Voitures/Ben_Arous/Ezzahra/Dacia_dokker_/,Dacia,Avec kilomÃ©trage,2021,,Manuelle,Utilitaire,Noir,Diesel,1.5L,Dokker,246000
1,Seat Leon ØªØ³Ø¬ÙŠÙ„ Ø§ÙˆÙ„,5DT,https://www.tayara.tn/item/68e02f046c505afdc05da74b/Voitures/Tunis/El_Manar_1/Seat_Leon_/,Seat,Avec kilomÃ©trage,2015,5,Manuelle,Compacte,Gris,Essence,1.2L,Leon,195
1,Peugeot 2008 BVA PACK ALLURE + TOIT,83000DT,https://www.tayara.tn/item/68e02e386c505afdc05da683/Voitures/Tunis/Centre_Urbain_Nord/Peugeot_2008_BVA_PACK_ALLURE_TOIT/,Peugeot,Nouveau,2022,7,Automatique,4 x 4,Gris,Essence,1.2L,2008,50000
1,Transfer Leasing,31DT,https://www.tayara.tn/item/68e02d7fe7035d31a40eb2e2/Voitures/Tunis/L_Aouina/Transfer_Leasing_/,MG,Nouveau,2025,10,Automatique,4 x 4,Noir,Essence,1.5L,HS,25000
1,panda importÃ© 4cv avec toit tel 23414111,N/A,https://www.tayara.tn/item/68e02d2ae7035d31a40eb294/Voitures/Mahdia/Chorbane/panda_import_4cv_avec_toit_tel_23414111/,Fiat,Avec kilomÃ©trage,2005,4,Manuelle,Berline,Gris,Essence,1.4L,Panda,175000
1,symbol 2,30500DT,https://www.tayara.tn/item/68e02ca9e7035d31a40eb216/Voitures/Jendouba/Jendouba/symbol_2/,Renault,Avec kilomÃ©trage,2015,5,Manuelle,Berline,DorÃ©,Essence,1.2L,Symbol,194
1,voiture Peugeot 106,1000DT,https://www.tayara.tn/item/68e02c89e7035d31a40eb1f5/Voitures/Tunis/La_Marsa/voiture_Peugeot_106/,Peugeot,Avec kilomÃ©trage,1997,4,Manuelle,Compacte,Blanc,Essence,1.4L,106,300
1,Nissan Qashqai diesel,60DT,https://www.tayara.tn/item/68e02bf3e7035d31a40eb16b/Voitures/Kbili/Douz_Sud/Nissan_Qashqai_diesel/,Nissan,Avec kilomÃ©trage,2017,7,Manuelle,4 x 4,Noir,Diesel,1.6L,Qashqai,170.000
1,a vendre,14000DT,https://www.tayara.tn/item/68e029882a86ba8c1c8eb811/Voitures/Nabeul/Soliman/a_vendre/,Dacia,Avec kilomÃ©trage,2012,6,Manuelle,Utilitaire,Blanc,Diesel,1.5L,Logan,300000
1,voiture,N/A,https://www.tayara.tn/item/68e029786c505afdc05da234/Voitures/Zaghouan/Zaghouan/voiture_/,Citroen,Avec kilomÃ©trage,2009,0000,Manuelle,Autres,Blanc,Diesel,3.0L,Berlingo,0000
1,passat b7 tdi blue motion,12333DT,https://www.tayara.tn/item/68e02777e7035d31a40ead54/Voitures/Le_Kef/Autres_Villes/passat_b7_tdi_blue_motion_/,Volkswagen,Nouveau,2010,5,Manuelle,Berline,Noir,Diesel,1.6L,Passat CC,200
1,KIA RIO COUPÃ‰ PREMIÃˆRE MAIN EN Ã‰TAT NEUF,N/A,https://www.tayara.tn/item/68e0260ae7035d31a40eabe7/Voitures/Bizerte/Bizerte/KIA_RIO_COUP_PREMIRE_MAIN_EN_TAT_NEUF_/,Kia,Avec kilomÃ©trage,2022,5,Manuelle,Berline,Noir,Essence,1.2L,Rio,71000
1,kia Sportage premium,79500DT,https://www.tayara.tn/item/68e025e2e7035d31a40eabb2/Voitures/Ariana/Les_Jardins_El_Menzah_2/kia_Sportage_premium_/,Kia,Avec kilomÃ©trage,2021,8,Automatique,4 x 4,Bleu,Essence,1.6L,Sportage,80000
1,MG ZS BOÃTE AUTOMATIQUE PREMIÃˆRE ANNÃ‰E,59000DT,https://www.tayara.tn/item/68e025986c505afdc05d9e4f/Voitures/Bizerte/Bizerte/MG_ZS_BOTE_AUTOMATIQUE_PREMIRE_ANNE_/,MG,Avec kilomÃ©trage,2020,7,Automatique,Berline,Noir,Essence,1.5L,e-zs,150000
1,SUZUKI CELERIO PREMIÃˆRE MAIN EN TRÃˆS BON Ã‰TAT BOÃTE MANUELLE,32000DT,https://www.tayara.tn/item/68e0257e6c505afdc05d9e32/Voitures/Ariana/Ariana/SUZUKI_CELERIO_PREMIRE_MAIN_EN_TRS_BON_TAT_BOTE_MANUELLE_/,Suzuki,Avec kilomÃ©trage,2020,4,Automatique,Pick up,Gris,Essence,1.2L,Celerio,70000
1,KIA RIO GT LINE,64500DT,https://www.tayara.tn/item/68e024776c505afdc05d9d3e/Voitures/Sfax/Sfax/KIA_RIO_GT_LINE/,Kia,Nouveau,2023,5,Manuelle,Compacte,Blanc,Essence,1.2L,Rio,49500
1,BMW X2 Sdrive 1.8,55111110DT,https://www.tayara.tn/item/68e023616c505afdc05d9c08/Voitures/Ariana/Ariana/BMW_X2_Sdrive_18/,BMW,Avec kilomÃ©trage,2019,8,Automatique,4 x 4,DorÃ©,Essence,1.8L,Compact,84000
1,Audi A3 Sline hybride,55111110DT,https://www.tayara.tn/item/68e022c76c505afdc05d9b79/Voitures/Ariana/Ariana/Audi_A3_Sline_hybride_/,Audi,Avec kilomÃ©trage,2022,8,Automatique,Berline,Noir,Hybride essence,1.4L,A3,115000
1,land Rover Discovery,55111110DT,https://www.tayara.tn/item/68e0225ae7035d31a40ea844/Voitures/Ariana/Ariana/land_Rover_Discovery_/,Land Rover,Avec kilomÃ©trage,2017,8,Automatique,4 x 4,Noir,Diesel,2.0L,Range Rover Sport,130000
1,406 coupÃ©,N/A,https://www.tayara.tn/item/68e0221f6c505afdc05d9af1/Voitures/Bizerte/Zarzouna/406_coup_/,Peugeot,Avec kilomÃ©trage,1999,10,Automatique,Berline,Rouge,Essence,3.0L,406,12358
1,Forsa Ã  ne pas rater,N/A,https://www.tayara.tn/item/68e021006c505afdc05d99f9/Voitures/Sidi_Bouzid/Sidi_Bouzid/Forsa_ne_pas_rater/,Peugeot,Avec kilomÃ©trage,1986,4,Manuelle,Berline,Beige,Essence,1.2L,104,211000
1,"ğŸš™ HAVAL JOLION 1er ğŸ–ï¸ 
âœ… AnnÃ©es 2021/10
âœ… km 70mk
âœ… camÃ©ras 360
âœ… Essence 9cv",N/A,https://www.tayara.tn/item/68e01fd6e7035d31a40ea61c/Voitures/Sfax/Route_El_Ain/_HAVAL_JOLION_1er_Annes_202110_km_70mk_camras_360_Essence_9cv/,Haval,Nouveau,2021,9,Automatique,Autres,Bleu,Essence,1.5L,jolion,70
2,"ğŸš™ Kia Rio tout option 
âœ… km 77000mk
âœ… AnnÃ©es 2015/03",N/A,https://www.tayara.tn/item/68e01fcf6c505afdc05d98e9/Voitures/Sfax/Route_El_Ain/_Kia_Rio_tout_option_km_77000mk_Annes_201503/,Kia,Nouveau,2015,5,Manuelle,Autres,Gris,Essence,1.2L,Rio,77000
2,vitara 4x4,N/A,https://www.tayara.tn/item/68e01e826c505afdc05d9827/Voitures/Mdenine/Djerba_Houmt_Souk/vitara_4x4/,Suzuki,Avec kilomÃ©trage,1994,9,Manuelle,4 x 4,Gris,Essence,1.6L,Vitara,000000
2,Ford fiesta 2016 Ã  vendre,36000DT,https://www.tayara.tn/item/68e01c7c6c505afdc05d96b7/Voitures/Tunis/Tunis/Ford_fiesta_2016_vendre/,Ford,Avec kilomÃ©trage,2016,5,Manuelle,Compacte,Gris,Essence,1.2L,Fiesta,104000
2,Gilf 7,41900DT,https://www.tayara.tn/item/68e01c22e7035d31a40ea378/Voitures/Tunis/Lac_2/Gilf_7_/,Volkswagen,Avec kilomÃ©trage,2016,5,Automatique,Compacte,Noir,Essence,1.2L,Golf 7,
2,Dacia logan 1 er main 7 places seulment 128000 km reel peinture origine 0 retouche importee de l almagne matricule 255 modele 05/2009  6 cv essence 1.6 voiture utilisee un mois seulment au duree de l annee 2 airbag abs fermiture central direction assiste bleutooth 4 roues neuf  double clef numero ğŸ“² 55553563,N/A,https://www.tayara.tn/item/68e01afd6c505afdc05d959b/Voitures/Sfax/Route_El_Ain/Dacia_logan_1_er_main_7_places_seulment_128000_km_reel_peinture_origine_0_retouche_importee_de_l_almagne_matricule_255_modele_052009_6_cv_essence_16_voiture_utilisee_un_mois_seulment_au_duree_de_l_annee_2_airbag_abs_fermiture_central_direction_assiste_bleutooth_4_roues_neuf_double_clef_numero_55553563/,Dacia,Nouveau,2010,6,Automatique,Berline,Violet,Essence,1.6L,Logan MCV,120000
2,hyundai i20 2021,N/A,https://www.tayara.tn/item/68e01aeb6c505afdc05d958f/Voitures/Zaghouan/Zaghouan/hyundai_i20_2021/,Hyundai,Avec kilomÃ©trage,2021,5,Manuelle,Autres,Rouge,Essence,1.2L,I 20,130000
2,Vendre voiture,30DT,https://www.tayara.tn/item/68e01aeae7035d31a40ea271/Voitures/Tunis/Sidi_Hassine/Vendre_voiture/,Ford,,2010,,Manuelle,,Gris,,,,
2,ax ndhifa,6500DT,https://www.tayara.tn/item/68e01a9fe7035d31a40ea23a/Voitures/Ariana/Ariana_Essoughra/ax_ndhifa_/,Citroen,Avec kilomÃ©trage,1999,4,Manuelle,Berline,Rouge,Essence,1.6L,AX,220000
2,Citroen nemo 1 er main 1.4 modele 01/2016 6 cv gazoil 1.4 peinture origine 163000 km tt options climatiseur en marche abs fermiture central avec commonde 2 vitres electric airbag abs ecran tactile  mp5 android bleutooth aux/usb 4 pneus  neuf double clef numero ğŸ“² 55553563,N/A,https://www.tayara.tn/item/68e01a5f6c505afdc05d9522/Voitures/Sfax/Route_El_Ain/Citroen_nemo_1_er_main_14_modele_012016_6_cv_gazoil_14_peinture_origine_163000_km_tt_options_climatiseur_en_marche_abs_fermiture_central_avec_commonde_2_vitres_electric_airbag_abs_ecran_tactile_mp5_android_bleutooth_auxusb_4_pneus_neuf_double_clef_numero_55553563/,Citroen,Nouveau,2016,6,Automatique,Utilitaire,Blanc,Diesel,1.4L,Nemo,160000
2,clio chipie,9000DT,https://www.tayara.tn/item/68e01a3a6c505afdc05d950e/Voitures/Le_Kef/Le_Kef/clio_chipie_/,Renault,Avec kilomÃ©trage,1996,5,Manuelle,Berline,Bleu,Essence,1.3L,Clio,300.000
2,tiggo 8 echange possible,81000DT,https://www.tayara.tn/item/68e019eee7035d31a40ea1bb/Voitures/Sfax/Mahrs/tiggo_8_echange_possible_/,Chery,Nouveau,2022,9,Automatique,4 x 4,Bleu,Essence,1.5L,Tiggo,55000
2,Kia Picanto Smart,36800DT,https://www.tayara.tn/item/68e019d2e7035d31a40ea1ad/Voitures/Monastir/Ksar_Hellal/Kia_Picanto_Smart_/,Kia,Nouveau,2020,4,Manuelle,Autres,Noir,Essence,1.4L,Picanto,130
2,Ø¨ÙŠ. ÙˆØ§ÙŠ. Ø¯ÙŠ   B.Y.D,41500DT,https://www.tayara.tn/item/68e019246c505afdc05d942e/Voitures/Sousse/Sousse/_BYD/,BYD,Nouveau,,7,Manuelle,Compacte,Noir,Essence,1.5L,F3,67000
2,ford focus trÃ¨s bon etat,16200DT,https://www.tayara.tn/item/68e01788e4303da252c38663/Voitures/Gabs/Gabs/ford_focus_trs_bon_etat/,Ford,Avec kilomÃ©trage,2005,6,Manuelle,Berline,Bleu,Essence,1.4L,Focus,260000
2,golf 5,31DT,https://www.tayara.tn/item/68e0166de4303da252c385e4/Voitures/Nabeul/Klibia/golf_5_/,Volkswagen,Nouveau,2008,5,Manuelle,Compacte,Noir,Diesel,1.9L,Golf,223
2,Peugeot 208 GT line,N/A,https://www.tayara.tn/item/68e014a7e7035d31a40e9e4b/Voitures/Tunis/L_Aouina/Peugeot_208_GT_line_/,Peugeot,Nouveau,2022,5,Automatique,Compacte,Blanc,Essence,1.2L,208,65
2,Amarok  en parfait Ã©tat,N/A,https://www.tayara.tn/item/68e013a7e7035d31a40e9d7c/Voitures/Gabs/Gabs/Amarok_en_parfait_tat_/,Volkswagen,Nouveau,2012,8,Manuelle,4 x 4,Beige,Diesel,1.9L,Amarok,300
2,Golf 8 Highline 2022,N/A,https://www.tayara.tn/item/68e0139ce7035d31a40e9d74/Voitures/Tunis/Lac_2/Golf_8_Highline_2022/,Volkswagen,Nouveau,2022,6,Manuelle,Compacte,Blanc,Essence,<1.0L,Golf 8,90
2,Audi A4 TFSI â€“ Essence â€“ Automatique â€“ AnnÃ©e 2018 â€“ 196.000 km,75000DT,https://www.tayara.tn/item/68e01335e7035d31a40e9d34/Voitures/Tunis/Lac_1/Audi_A4_TFSI_Essence_Automatique_Anne_2018_196000_km/,Audi,Avec kilomÃ©trage,2018,8,Automatique,Berline,Noir,Essence,1.4L,A4,196000
2,Kia Picanto kmg 39 bakou,N/A,https://www.tayara.tn/item/68e0123ee7035d31a40e9c89/Voitures/Mahdia/El_Jem/Kia_Picanto_kmg_39_bakou/,Kia,Avec kilomÃ©trage,2023,4,Automatique,Berline,Gris,Essence,1.2L,Picanto,39
2,Golf 6 GTD,1233456800DT,https://www.tayara.tn/item/68e00e856c505afdc05d8cdc/Voitures/Sfax/El_Hencha/Golf_6_GTD/,Volkswagen,Avec kilomÃ©trage,2011,5,Manuelle,Autres,Noir,Diesel,1.6L,Golf 6,309000
2,MÃ©gane casquette dCi face 2 ğŸ‡«ğŸ‡·,19800DT,https://www.tayara.tn/item/68e00e2be7035d31a40e9932/Voitures/Tunis/El_Ouardia/Mgane_casquette_dCi_face_2_/,Renault,Avec kilomÃ©trage,2007,5,Manuelle,Compacte,Blanc,Diesel,1.5L,Megane,307
2,Mitsubisji,N/A,https://www.tayara.tn/item/68e00e036c505afdc05d8c72/Voitures/Monastir/Monastir/Mitsubisji/,Mitsubishi,Avec kilomÃ©trage,2023,4,Manuelle,Compacte,Blanc,Essence,>4.0L,Nativa,23.318
2,FIAT PANDA ğŸ–¤ FIN SERIE Ø³ÙŠØ±ÙŠ Ù„Ø®Ø±,N/A,https://www.tayara.tn/item/68e00da0e7035d31a40e98c5/Voitures/Sousse/Sahloul/FIAT_PANDA_FIN_SERIE_/,Fiat,Nouveau,2021,4,Manuelle,Compacte,Noir,Essence,1.3L,Panda,140
2,FIAT PANDA â¤ï¸ FIN SERIE Ø§Ø®Ø± Ø³ÙŠØ±ÙŠ,N/A,https://www.tayara.tn/item/68e00d9a6c505afdc05d8c27/Voitures/Sousse/Sahloul/FIAT_PANDA_FIN_SERIE_/,Fiat,Nouveau,2021,4,Manuelle,Compacte,Rouge,Essence,1.3L,Panda,90
2,Av Peugeot 3008  GT Line modÃ¨le 2021 diesel ehdi boÃ®te auto ttoption importÃ©e tÃ©l 23.964.164,90000DT,https://www.tayara.tn/item/68e00d32e7035d31a40e9876/Voitures/Nabeul/Nabeul/Av_Peugeot_3008_GT_Line_modle_2021_diesel_ehdi_bote_auto_ttoption_importe_tl_23964164_/,Peugeot,Nouveau,2021,7,Automatique,Berline,Gris,Diesel,1.5L,3008,120000
2,SUZUKI CELERIO PREMIÃˆRE MAIN EN TRÃˆS BON Ã‰TAT BOÃTE MANUELLE,32000DT,https://www.tayara.tn/item/68e00d08e7035d31a40e9859/Voitures/Ariana/Ariana/SUZUKI_CELERIO_PREMIRE_MAIN_EN_TRS_BON_TAT_BOTE_MANUELLE_/,Suzuki,Avec kilomÃ©trage,2020,4,Automatique,Pick up,Gris,Essence,1.2L,Celerio,70000
2,KIA RIO COUPÃ‰ PREMIÃˆRE MAIN EN Ã‰TAT NEUF,N/A,https://www.tayara.tn/item/68e00cebe7035d31a40e9846/Voitures/Bizerte/Bizerte/KIA_RIO_COUP_PREMIRE_MAIN_EN_TAT_NEUF_/,Kia,Avec kilomÃ©trage,2022,5,Manuelle,Berline,Noir,Essence,1.2L,Rio,71000
2,Av Hyundai tucson N Line 2022 diesel ttoption importÃ©e tÃ©l 23.964.164,115000DT,https://www.tayara.tn/item/68e00ccb6c505afdc05d8b8b/Voitures/Nabeul/Nabeul/Av_Hyundai_tucson_N_Line_2022_diesel_ttoption_importe_tl_23964164_/,Hyundai,Nouveau,2022,7,Automatique,Berline,Blanc,Hybride Diesel,1.6L,Tucson,90000
2,MG ZS BOÃTE AUTOMATIQUE PREMIÃˆRE ANNÃ‰E,59000DT,https://www.tayara.tn/item/68e00cc46c505afdc05d8b86/Voitures/Bizerte/Bizerte/MG_ZS_BOTE_AUTOMATIQUE_PREMIRE_ANNE_/,MG,Avec kilomÃ©trage,2020,7,Automatique,Berline,Noir,Essence,1.5L,e-zs,150000
3,4x4 Vw Tiguan Highline 4motion 2009 tout options,36000DT,https://www.tayara.tn/item/68e00cb06c505afdc05d8b6e/Voitures/Tunis/La_Marsa/4x4_Vw_Tiguan_Highline_4motion_2009_tout_options_/,Volkswagen,Avec kilomÃ©trage,2009,9,Manuelle,4 x 4,Gris,Essence,1.4L,Tiguan,310
3,MÃ©gane 4,N/A,https://www.tayara.tn/item/68e00c68e7035d31a40e97ee/Voitures/Monastir/Monastir/Mgane_4_/,Renault,Nouveau,2020,6,Manuelle,Compacte,Gris,Diesel,1.5L,Megane,160000
3,Dacia logne trÃ©s propre âœ…âœ…ğŸŒ´,N/A,https://www.tayara.tn/item/68e00c25e7035d31a40e97be/Voitures/Ariana/Ariana/Dacia_logne_trs_propre_/,Dacia,Nouveau,2014,7,Manuelle,Cabriolet,Gris,Diesel,1.9L,Logan,197
3,MEGANE 3 boit 6 dci moteur 110 importÃ©e a vendre,28500DT,https://www.tayara.tn/item/68e00b43e7035d31a40e9721/Voitures/Tunis/La_Goulette/MEGANE_3_boit_6_dci_moteur_110_importe_a_vendre_/,Renault,Avec kilomÃ©trage,2013,6,Manuelle,Compacte,Rouge,Diesel,1.5L,Megane,239
3,"âœ…porche Cayenne Kit GTS 4.8 V8                                              
âœ…modÃ¨le 2012
âœ…immatriculations TU222
â˜ï¸23.964.164/27.550.630 â˜ï¸
âœ… ğ‘©ğ’ğ’Šğ’•ğ’† ğ’‚ğ’–ğ’•ğ’ğ’ğ’‚ğ’•ğ’Šğ’’ğ’–ğ’†                                                                                               
âœ… ğ‘¬ğ’ğ’†ğ’“ğ’ˆğ’Šğ’† : ğ‘¬ğ’”ğ’”ğ’†ğ’ğ’„ğ’† 
âœ…kilomÃ©trage 155.000MKM
âœ…ğ’‘ğ’–ğ’Šğ’”ğ’”ğ’‚ğ’ğ’„ğ’† ğ’‡ğ’Šğ’”ğ’„ğ’‚ğ’ğ’†: 30ğ’„ğ’—                                                                                                    
âœ…ğ‘´ğ’‚ğ’“ğ’„ğ’‰ğ’†-ğ’‘ğ’Šğ’†ğ’…                                                                               
âœ… ğ‘´ğ’–ğ’ğ’•ğ’Šğ’‡ğ’ğ’ğ’„ğ’•ğ’Šğ’ğ’ğ’”                                 
âœ…ğ‘©ğ’ğ’–ğ’†ğ’•ğ’ğ’–ğ’•ğ’‰ / ğ‘¨ğ‘¼ğ‘¿ / ğ‘¼ğ‘ºğ‘©                                                                                                                                                      
âœ…feux de jour ğ‘³ğ‘¬ğ‘« 
âœ…ğ‘ªğ’–ğ’Šğ’“ noir
âœ…ğ‘»ğ’ğ’Šğ’• ğ’‘ğ’‚ğ’ğ’ğ’“ğ’‚ğ’ğ’Šğ’’ğ’–ğ’† ğ’ğ’–ğ’—ğ’“ğ’‚ğ’ğ’•
âœ…ğ‘ªğ’‚ğ’‘ğ’•ğ’†ğ’–ğ’“ ğ‘¨ğ‘½/ğ‘¨ğ‘¹                                                                                                                                                                                                                              
âœ…ğ‘¬ğ’„ğ’“ğ’‚ğ’ ğ’•ğ’‚ğ’„ğ’•ğ’Šğ’ğ’†
âœ…2 DVD arriÃ¨re 
âœ…malle Ã©lectrique                                                                                                                                                                                               
âœ…ğ‘½ğ’Šğ’•ğ’“ğ’†ğ’” ğ’•ğ’†ğ’Šğ’ğ’•ğ’†Ìğ’†ğ’”                   
âœ…ğ‘¹ğ’†Ìğ’ˆğ’–ğ’ğ’‚ğ’•ğ’†ğ’–ğ’“/ğ‘³ğ’Šğ’ğ’Šğ’•ğ’†ğ’–ğ’“ ğ’…ğ’† ğ’—ğ’Šğ’•ğ’†ğ’”ğ’”ğ’†                                                                                                                                               
âœ…ğ‘±ğ’‚ğ’ğ’•ğ’†ğ’” 21""                                                                                    
âœ… ğ‘ªğ’ğ’Šğ’ğ’‚ğ’•ğ’“ğ’ğ’ğ’Šğ’„                                                                                
âœ…ğ‘¹ğ’†Ìğ’•ğ’“ğ’ğ’—ğ’Šğ’”ğ’†ğ’–ğ’“ğ’” ğ’“ğ’‚ğ’ƒğ’‚ğ’•ğ’•ğ’‚ğ’ƒğ’ğ’†ğ’”",115000DT,https://www.tayara.tn/item/68e00a586c505afdc05d8996/Voitures/Nabeul/Nabeul/porche_Cayenne_Kit_GTS_48_V8_modle_2012immatriculations_TU2222396416427550630_kilomtrage_155000MKM_30_feux_de_jour_noir_2_DVD_arrire_malle_lectrique_21_/,Porsche,Nouveau,2012,30,Automatique,Berline,Noir,Essence,3.5L,Cayenne,155000
3,Av Renault Kadjar intense modÃ¨le 2020 diesel dci 130cv boÃ®te 6 faible klm60000 certifÃ© ttoption importÃ©e tÃ©l 23.964.164 /27.550.630,67500DT,https://www.tayara.tn/item/68e009b7e7035d31a40e9631/Voitures/Nabeul/Nabeul/Av_Renault_Kadjar_intense_modle_2020_diesel_dci_130cv_bote_6_faible_klm60000_certif_ttoption_importe_tl_23964164_27550630_/,Renault,Nouveau,2019,6,Manuelle,Berline,Gris,Diesel,1.5L,Kadjar,60000
3,polo 7 tdi mazout,N/A,https://www.tayara.tn/item/68e00852e7035d31a40e955f/Voitures/Ariana/Chotrana_3/polo_7_tdi_mazout_/,Volkswagen,Nouveau,2009,5,Manuelle,Compacte,Gris,Diesel,1.4L,Polo,0000
3,A vendre ou changer Kia Picanto boÃ®te auto,N/A,https://www.tayara.tn/item/68e007bd6c505afdc05d87ed/Voitures/Sousse/Sousse/A_vendre_ou_changer_Kia_Picanto_bote_auto_/,Kia,Avec kilomÃ©trage,2016,5,Automatique,Berline,Jaune,Essence,1.2L,Picanto,185
3,Isuzu 10 cv,N/A,https://www.tayara.tn/item/68e0075c6c505afdc05d87b4/Voitures/Le_Kef/Dahmani/Isuzu_10_cv/,Isuzu,Non dÃ©douannÃ©,1993,10,Manuelle,Autres,Blanc,Diesel,2.0L,Trooper,1111111111111
3,Ford Range toute option 98406625,35000DT,https://www.tayara.tn/item/68e006c2e7035d31a40e9463/Voitures/Ariana/Ariana/Ford_Range_toute_option_98406625/,Ford,Avec kilomÃ©trage,2024,000,Manuelle,Autres,Gris,Diesel,<1.0L,C-Max,00000000
3,8000KM dans l'emballage,7777777DT,https://www.tayara.tn/item/68e006a56c505afdc05d874b/Voitures/Ariana/El_Menzah_6/8000KM_dans_lemballage_/,Autres,Nouveau,2024,7,Automatique,4 x 4,Noir,Essence,1.4L,Autres,8000
3,i10,N/A,https://www.tayara.tn/item/68e002636c505afdc05d8482/Voitures/Sfax/Route_MANZEL_CHAKER/i10_/,Hyundai,Nouveau,2019,5,Manuelle,Compacte,Noir,Essence,1.2L,I 10,126000.
3,Fiat linea,N/A,https://www.tayara.tn/item/68e001e76c505afdc05d842d/Voitures/Sfax/Route_MANZEL_CHAKER/Fiat_linea_/,Fiat,Nouveau,2011,6,Manuelle,Compacte,Gris,Essence,1.4L,Linea,162000
3,bmw serie 320i coupÃ© kit M full options  Ã©tat neuf,N/A,https://www.tayara.tn/item/68e001296c505afdc05d8399/Voitures/Tunis/Tunis/bmw_serie_320i_coup_kit_M_full_options_tat_neuf_/,BMW,Avec kilomÃ©trage,2012,10,Manuelle,Utilitaire,Blanc,Essence,2.0L,Serie 3 GT,155000
3,Amarok high line plus bi turbo bva edition limitÃ¨ full options,N/A,https://www.tayara.tn/item/68e00105e7035d31a40e907b/Voitures/Ariana/Ariana_Essoughra/Amarok_high_line_plus_bi_turbo_bva_edition_limit_full_options_/,Volkswagen,Avec kilomÃ©trage,2017,7,Automatique,4 x 4,Noir,Diesel,2.0L,Amarok,135000
3,bmw x1 essence 2l restylÃ© phase 2 kit M individuel full options,N/A,https://www.tayara.tn/item/68e000e4e7035d31a40e9062/Voitures/Ariana/Ariana_Essoughra/bmw_x1_essence_2l_restyl_phase_2_kit_M_individuel_full_options_/,BMW,Avec kilomÃ©trage,2015,9,Manuelle,Utilitaire,Bleu,Essence,2.0L,X1,155000
3,jeep renegade night eagle,1234DT,https://www.tayara.tn/item/689e4167fc8b58622a2ec741/Voitures/Sousse/Sousse_Jawhara/jeep_renegade_night_eagle/,Jeep,Avec kilomÃ©trage,2022,6,Manuelle,4 x 4,Gris,Essence,<1.0L,Compass,87000
3,Glc200 kit AMG,1234DT,https://www.tayara.tn/item/66d8f615e2f0c13af83ca5a7/Voitures/Sousse/Sousse_Jawhara/Glc200_kit_AMG/,Mercedes-Benz,Avec kilomÃ©trage,2020,12,Automatique,4 x 4,Blanc,Essence,2.0L,Classe GLC,68000
3,Golf 7 1.4 TSI Bluemotion 2013,49999DT,https://www.tayara.tn/item/68dffd3fe7035d31a40e8d1e/Voitures/Nabeul/Bni_Khiar/Golf_7_14_TSI_Bluemotion_2013/,Volkswagen,Avec kilomÃ©trage,2013,5,Manuelle,Berline,Bleu,Essence,1.4L,Golf 7,195000
3,K9 Ã  vendre,15000DT,https://www.tayara.tn/item/68dffd286c505afdc05d8022/Voitures/La_Manouba/La_Manouba/K9_vendre/,Peugeot,Nouveau,2024,5,Manuelle,Utilitaire,Blanc,Diesel,1.6L,Partner,48000
3,"Volkswagen T cross boit auto 
AnnÃ©e 2024
KilomÃ©trage 45000 km
Excellent Ã©tat 
TÃ©lÃ©phone 22357179
Ã‰nergie essence 1.0",80DT,https://www.tayara.tn/item/68dffcfc6c505afdc05d7ff6/Voitures/La_Manouba/La_Manouba/Volkswagen_T_cross_boit_auto_Anne_2024Kilomtrage_45000_kmExcellent_tat_Tlphone_22357179nergie_essence_10_/,Volkswagen,Nouveau,2024,7,Automatique,Compacte,Gris,Essence,<1.0L,T-ROC,45
3,Kia rio,35DT,https://www.tayara.tn/item/68dffc15e7035d31a40e8c35/Voitures/Monastir/Ksar_Hellal/Kia_rio_/,Kia,Avec kilomÃ©trage,2016,,Manuelle,Berline,Blanc,Essence,1.2L,Rio,195000
3,VOITURE Ã€ VENDRE,21600DT,https://www.tayara.tn/item/68dffac46c505afdc05d7e37/Voitures/Ben_Arous/El_Mourouj/VOITURE_VENDRE_/,Citroen,,2011,,Manuelle,,Gris,Diesel,>4.0L,Berlingo,
3,Soussa akouda,32500DT,https://www.tayara.tn/item/68dffa60e7035d31a40e8afb/Voitures/Sousse/Akouda/Soussa_akouda/,Autres,Nouveau,2020,,Manuelle,,Noir,,,,15000
3,voiture mahindra h6 en excellent Ã©tat faible kilomÃ©trage,25DT,https://www.tayara.tn/item/68dff9586c505afdc05d7d02/Voitures/Ariana/Cit_Ennasr_2/voiture_mahindra_h6_en_excellent_tat_faible_kilomtrage_/,Mahindra,Avec kilomÃ©trage,2022,1,Manuelle,4 x 4,Rouge,Essence,2.2L,Hover,42
3,RANGE ROVER Ã‰VOQUE 2.2 Diesel,88000DT,https://www.tayara.tn/item/68dff8b16c505afdc05d7c74/Voitures/Tunis/El_Menzah_1/RANGE_ROVER_VOQUE_22_Diesel_/,Land Rover,Avec kilomÃ©trage,2016,9,Automatique,Berline,Blanc,Diesel,2.2L,Range Rover Evoque,219000
3,"Citroen C4 Cactus
97520372",35000DT,https://www.tayara.tn/item/68dff8156c505afdc05d7bf2/Voitures/Nabeul/Nabeul/Citroen_C4_Cactus97520372/,Citroen,Nouveau,2015,5,Manuelle,Berline,Gris,Essence,1.2L,C4 Cactus,210
3,407 navteq,22500DT,https://www.tayara.tn/item/68dff598e7035d31a40e8728/Voitures/Jendouba/Jendouba_Nord/407_navteq_/,Peugeot,Nouveau,2006,110,Manuelle,Autres,Bleu,Diesel,1.6L,407 SW,294
3,"ğŸš¨4 roues range rover sport par 20""",3200DT,https://www.tayara.tn/item/68dff489e7035d31a40e8664/Voitures/Tunis/Carthage/4_roues_range_rover_sport_par_20/,Land Rover,Avec kilomÃ©trage,2015,20,Automatique,4 x 4,Gris,Essence,3.0L,Range Rover Sport,15000
3,CITROÃ‹N BERLINGO IMPORTÃ‰E EN TRÃˆS BON Ã‰TAT,45500DT,https://www.tayara.tn/item/68dff33a6c505afdc05d77fb/Voitures/Tataouine/Autres_Villes/CITRON_BERLINGO_IMPORTE_EN_TRS_BON_TAT_/,Citroen,Avec kilomÃ©trage,2020,5,Manuelle,Utilitaire,Blanc,Diesel,1.5L,Berlingo,106000
4,citroen C1,25000DT,https://www.tayara.tn/item/68dff12a6c505afdc05d7617/Voitures/Sousse/Hergla/citroen_C1/,Citroen,Avec kilomÃ©trage,2012,4,Manuelle,Compacte,Rouge,Essence,1.1L,C1,118000
4,97746339,15000000DT,https://www.tayara.tn/item/68dfefce6c505afdc05d74ff/Voitures/Siliana/Sidi_Bou_Rouis/97746339/,Opel,Avec kilomÃ©trage,2007,5,Manuelle,Autres,Blanc,Diesel,1.3L,Combo,300000
4,renault express,N/A,https://www.tayara.tn/item/68dfef866c505afdc05d74c6/Voitures/Ben_Arous/Hammam_Chott/renault_express/,Renault,Avec kilomÃ©trage,00000,,Manuelle,Autres,Blanc,Diesel,1.9L,Express,0000
4,"Polo 7, dÃ©c 2016, 92000 km",37000DT,https://www.tayara.tn/item/68dfeea7e7035d31a40e816b/Voitures/Ariana/Ariana/Polo_7_dc_2016_92000_km/,Volkswagen,Avec kilomÃ©trage,2016,4,Manuelle,Compacte,Blanc,Essence,<1.0L,Polo,92000
4,Amarok,60DT,https://www.tayara.tn/item/68dfee4be7035d31a40e8114/Voitures/Sousse/M_Saken/Amarok/,Volkswagen,Avec kilomÃ©trage,2016,7,Manuelle,4 x 4,Gris,Diesel,2.0L,Amarok,190000
4,Hyundai i 10,33000DT,https://www.tayara.tn/item/68dfed81e7035d31a40e8072/Voitures/Tunis/Gammarth/Hyundai_i_10_/,Hyundai,Avec kilomÃ©trage,2018,5,Manuelle,Compacte,Gris,Essence,1.2L,I 10,147000
4,Mercedes CLA 250e Hybrid EQ CoupÃ© AMG Line Version pour Allemagne model 2024 19 250km Super occasion,169000DT,https://www.tayara.tn/item/68dfed70e7035d31a40e8066/Voitures/Tunis/Tunis/Mercedes_CLA_250e_Hybrid_EQ_Coup_AMG_Line_Version_pour_Allemagne_model_2024_19_250km_Super_occasion/,Mercedes-Benz,Avec kilomÃ©trage,2023,9,Automatique,Autres,Blanc,Hybride essence,1.3L,Classe CLA,19300
4,Fiat DOBLO Ã  vendre,28300DT,https://www.tayara.tn/item/68dfed70e7035d31a40e8067/Voitures/Ben_Arous/Ben_Arous/Fiat_DOBLO_vendre/,Fiat,Avec kilomÃ©trage,2019,,Manuelle,,Blanc,Diesel,1.2L,Doblo,280000
4,BMW SÃ©rie 4 Gran CoupÃ© Finition luxury,74000DT,https://www.tayara.tn/item/68daa511516f1ddb82e604a0/Voitures/Tunis/Tunis/BMW_Srie_4_Gran_Coup_Finition_luxury/,BMW,Avec kilomÃ©trage,2017,7,Automatique,Berline,Noir,Essence,,Serie 4,135000
4,fiÃ¢t panda 1Ã¨re main klm 60,N/A,https://www.tayara.tn/item/68dfeb7be7035d31a40e7edc/Voitures/Sfax/Route_GREMDA/fit_panda_1re_main_klm_60_/,Fiat,Nouveau,2020,4,Manuelle,Berline,Noir,Essence,1.4L,Panda,60
4,tÃ©l 22214299,23500DT,https://www.tayara.tn/item/68dfeb696c505afdc05d7177/Voitures/Monastir/Monastir/tl_22214299_/,Peugeot,Avec kilomÃ©trage,2006,6,Manuelle,Berline,Gris,Diesel,1.6L,407,100000
4,Mercedes CLS 250 Pack AMG,155000DT,https://www.tayara.tn/item/68dfeb4ae7035d31a40e7eb3/Voitures/Tunis/Jardins_De_Carthage/Mercedes_CLS_250_Pack_AMG_/,Mercedes-Benz,Nouveau,2016,11,Automatique,Compacte,Multicolore,Diesel,2.0L,Classe CLS,66000
4,Fiat uno moteur fire nthifa mta3 ksiba,N/A,https://www.tayara.tn/item/68dfe9966c505afdc05d7008/Voitures/Gabs/Gabs_Ouest/Fiat_uno_moteur_fire_nthifa_mta3_ksiba/,Fiat,Avec kilomÃ©trage,1991,5,Manuelle,,Bleu,Essence,,Uno,
4,Camion Mercedes,N/A,https://www.tayara.tn/item/68dfe78a6c505afdc05d6e0f/Voitures/Sousse/Sahloul/Camion_Mercedes_/,Autres,Avec kilomÃ©trage,2008,10,Manuelle,Autres,Blanc,Diesel,2.0L,Autres,1
4,CitroÃ«n C4 2022,N/A,https://www.tayara.tn/item/68dfe77ee7035d31a40e7b5e/Voitures/Sousse/Sahloul/Citron_C4_2022/,Citroen,Avec kilomÃ©trage,2022,7,Manuelle,Autres,Rouge,Essence,1.4L,C4 Cactus,100000
4,Suzuki Celerio 1Ã¨re main,37000DT,https://www.tayara.tn/item/68dfe7076c505afdc05d6d9b/Voitures/Ariana/La_Soukra/Suzuki_Celerio_1re_main_/,Suzuki,Avec kilomÃ©trage,2023,4,Manuelle,Compacte,Bleu,Essence,<1.0L,Celerio,47000
4,Suzuki ertiga BVA GLX 7 places,53000DT,https://www.tayara.tn/item/68dfe6fee7035d31a40e7ae2/Voitures/Ariana/La_Soukra/Suzuki_ertiga_BVA_GLX_7_places_/,Suzuki,Avec kilomÃ©trage,2021,6,Automatique,Monospace,Noir,Essence,1.5L,Grand Vitara,92000
4,B9 3 places,N/A,https://www.tayara.tn/item/68dfe6956c505afdc05d6d30/Voitures/Sousse/Sousse/B9_3_places_/,Peugeot,Avec kilomÃ©trage,2015,5,Manuelle,Autres,Blanc,Diesel,1.6L,Partner,200
4,Voiture Suzuki s presso,31000DT,https://www.tayara.tn/item/68dfe5bc6c505afdc05d6ca9/Voitures/Monastir/Bekalta/Voiture_Suzuki_s_presso/,Suzuki,Avec kilomÃ©trage,2021,1.0,Manuelle,Compacte,Orange,Essence,<1.0L,Celerio,69
4,CitroÃ«n C-ElysÃ©e 1.2 VTi,19000DT,https://www.tayara.tn/item/68dfe5b86c505afdc05d6ca4/Voitures/Sidi_Bouzid/Meknassy/Citron_CElyse_12_VTi/,Citroen,Avec kilomÃ©trage,2014,5,Manuelle,Berline,Gris,Essence,1.2L,C-ElysÃ©e,140.000
4,Kia Picanto 1Ã¨re main,39500DT,https://www.tayara.tn/item/68dfe5546c505afdc05d6c60/Voitures/Bizerte/Bizerte/Kia_Picanto_1re_main/,Kia,Avec kilomÃ©trage,2020,4,Manuelle,Compacte,Gris,Essence,<1.0L,Picanto,87500
4,Avendre Kia picanto premiÃ¨re main,33000DT,https://www.tayara.tn/item/68dfe4fe6c505afdc05d6bfe/Voitures/Ariana/La_Soukra/Avendre_Kia_picanto_premire_main/,Kia,Avec kilomÃ©trage,2017,4,Manuelle,Compacte,Noir,Essence,1.2L,Picanto,118000
4,A VENDRE,N/A,https://www.tayara.tn/item/68dfe42a6c505afdc05d6b4c/Voitures/Sfax/Route_GREMDA/A_VENDRE/,Iveco,Avec kilomÃ©trage,1997,8,Manuelle,Berline,Blanc,Diesel,,Daily,
4,peugeot 308 annÃ©e 2020,N/A,https://www.tayara.tn/item/68dfe3d5e7035d31a40e7883/Voitures/Sousse/Sousse/peugeot_308_anne_2020/,Peugeot,Avec kilomÃ©trage,2020,5,Manuelle,Berline,Blanc,Diesel,1.5L,308,125000
4,clio dynamique,32500DT,https://www.tayara.tn/item/68dfe3336c505afdc05d6a70/Voitures/Tunis/Mutuelleville/clio_dynamique_/,Renault,Avec kilomÃ©trage,2016,5,Manuelle,Compacte,Noir,Essence,1.2L,Clio,71000
4,CLIO 5 ESSENCE 2021,N/A,https://www.tayara.tn/item/68dfe28be7035d31a40e7755/Voitures/Sousse/Sousse/CLIO_5_ESSENCE_2021/,Renault,Avec kilomÃ©trage,2021,5,Manuelle,Berline,Blanc,Essence,<1.0L,Clio,1040000
4,308 fin 2020 toutes options,N/A,https://www.tayara.tn/item/68dfe283e7035d31a40e774f/Voitures/Sousse/Sousse/308_fin_2020_toutes_options/,Peugeot,Avec kilomÃ©trage,2020,5,Manuelle,Berline,Noir,Diesel,1.5L,308 SW,136000
4,megane 4 restylÃ© 2021,N/A,https://www.tayara.tn/item/68dfe2646c505afdc05d69cc/Voitures/Sousse/Sousse/megane_4_restyl_2021/,Renault,Avec kilomÃ©trage,2021,6,Manuelle,Berline,Blanc,Diesel,1.5L,Megane,155000
4,mg 3 boÃ®te automatique,45900DT,https://www.tayara.tn/item/68dfe245e7035d31a40e7716/Voitures/Sousse/Sousse_Jawhara/mg_3_bote_automatique_/,MG,Nouveau,2023,7,Automatique,Compacte,Noir,Essence,1.5L,3,60000
4,M G 3  issence,36500DT,https://www.tayara.tn/item/68dfe1416c505afdc05d68fc/Voitures/Sousse/Sousse/M_G_3_issence_/,MG,Avec kilomÃ©trage,2021,5,Manuelle,Compacte,Blanc,Essence,1.5L,3,115500
5,Peugeot 208,36800DT,https://www.tayara.tn/item/68dfe139e7035d31a40e7625/Voitures/Sousse/Sousse_Jawhara/Peugeot_208/,Peugeot,Nouveau,2023,5,Manuelle,Compacte,Gris,Essence,1.2L,208,80000
5,Cherry qq,23000DT,https://www.tayara.tn/item/68dfe1026c505afdc05d68c8/Voitures/Tunis/Menzah/Cherry_qq/,Chery,Avec kilomÃ©trage,2019,4,Manuelle,Compacte,Bleu,Essence,1.2L,QQ,100000
5,4x4 Volkswagen Tiguan 4motion finition Highline 2009 essence,36000DT,https://www.tayara.tn/item/68dfe0b4e7035d31a40e75a0/Voitures/Tunis/Carthage/4x4_Volkswagen_Tiguan_4motion_finition_Highline_2009_essence/,Volkswagen,Avec kilomÃ©trage,2009,9,Manuelle,4 x 4,Gris,Essence,1.4L,Golf,310
5,Mercedes benz c180,57DT,https://www.tayara.tn/item/68dfe0446c505afdc05d6825/Voitures/Sousse/Sousse_Sidi_Abdelhamid/Mercedes_benz_c180/,Mercedes-Benz,Nouveau,2012,6,Manuelle,Autres,Noir,Diesel,1.6L,Classe C,260
5,Occasion d'or,N/A,https://www.tayara.tn/item/68dfdffc6c505afdc05d67eb/Voitures/Sidi_Bouzid/Sidi_Bouzid/Occasion_dor/,Peugeot,Avec kilomÃ©trage,1985,4,Manuelle,Berline,Beige,Essence,1.2L,104,111
5,KIA CERATO KOUP TOUTE OPTIONS IMPORTEE TEL 22801802,36000DT,https://www.tayara.tn/item/68dfdf3f6c505afdc05d6756/Voitures/Ariana/Ennasr/KIA_CERATO_KOUP_TOUTE_OPTIONS_IMPORTEE_TEL_22801802/,Kia,Avec kilomÃ©trage,2012,7,Automatique,Berline,Rouge,Essence,1.6L,Cerato,145000
5,Sangyoug Tivoli 1ere main,55000DT,https://www.tayara.tn/item/68dfdf19e7035d31a40e7467/Voitures/Tunis/Lac_2/Sangyoug_Tivoli_1ere_main/,Ssangyong,Avec kilomÃ©trage,2018,7,Manuelle,Autres,Gris,Essence,1.6L,Tivoli,71500
5,Peugeot 208 ( particulier),N/A,https://www.tayara.tn/item/68d93ffa39ab67d416d93118/Voitures/Ariana/Ennasr/Peugeot_208_particulier/,Peugeot,Nouveau,2024,5,Manuelle,Compacte,Noir,Essence,1.2L,208,17000
5,clio 4 annÃ©e 2021,35800DT,https://www.tayara.tn/item/68dfdea8e7035d31a40e7408/Voitures/Ariana/Ariana/clio_4_anne_2021/,Renault,Avec kilomÃ©trage,2021,5,Manuelle,Berline,Noir,Essence,<1.0L,Clio,137000
5,Une trÃ¨s belle voiture Peugeot 308,22000DT,https://www.tayara.tn/item/68dfde44e7035d31a40e73c5/Voitures/Bja/Bja_Sud/Une_trs_belle_voiture_Peugeot_308/,Peugeot,Nouveau,2009,,Manuelle,Autres,Bleu,Essence,1.6L,308,
5,Kia Sportage,82000DT,https://www.tayara.tn/item/68dfdd476c505afdc05d65d5/Voitures/Mahdia/Chebba/Kia_Sportage_/,Kia,Avec kilomÃ©trage,2017,8,Automatique,Autres,Marron,Essence,1.6L,Sportage,102.000
5,polo 5 tt opp,17800DT,https://www.tayara.tn/item/68dfdcce6c505afdc05d6565/Voitures/Bizerte/Bizerte_Sud/polo_5_tt_opp/,Volkswagen,Avec kilomÃ©trage,2003,04,Manuelle,Compacte,Bleu,Essence,1.2L,Polo,235
5,GOLF 7 LOUNGE TDI BLUEMOTION,N/A,https://www.tayara.tn/item/68dfdc02e7035d31a40e71ff/Voitures/Sousse/Hammam_Sousse/GOLF_7_LOUNGE_TDI_BLUEMOTION/,Volkswagen,Nouveau,2016,5,Manuelle,Berline,Blanc,Diesel,1.6L,Golf,146000
5,dokker impeccable,N/A,https://www.tayara.tn/item/68dfdbf0e7035d31a40e71ef/Voitures/La_Manouba/La_Manouba/dokker_impeccable_/,Dacia,Avec kilomÃ©trage,2021,5,Manuelle,Utilitaire,Noir,Diesel,1.5L,Dokker,157
5,KIA RIO COUPER OU ECHANGE,N/A,https://www.tayara.tn/item/68dfdaf66c505afdc05d63ec/Voitures/Sousse/Khzema/KIA_RIO_COUPER_OU_ECHANGE_/,Kia,Nouveau,2020,5,Manuelle,Berline,Noir,Essence,1.4L,Rio,115000
5,Mitsubishi Mirage Rouge,31000DT,https://www.tayara.tn/item/68dfda4de7035d31a40e70ac/Voitures/Tunis/El_Menzah_9/Mitsubishi_Mirage_Rouge/,Mitsubishi,Avec kilomÃ©trage,2018,4,Manuelle,Compacte,Rouge,Essence,<1.0L,,71000
5,MG BVA LUXURY,47500DT,https://www.tayara.tn/item/68dfda1c6c505afdc05d631d/Voitures/Sousse/Sousse_Jawhara/MG_BVA_LUXURY_/,MG,Avec kilomÃ©trage,2024,5,Manuelle,Compacte,Noir,Essence,1.5L,ZS,59000
5,Jeep Compass 4xE 80th Anniversary Edition Hybrid (Limited Edition),130900DT,https://www.tayara.tn/item/68d3378a07c7711d7c74397e/Voitures/Sousse/Sahloul/Jeep_Compass_4xE_80th_Anniversary_Edition_Hybrid_Limited_Edition/,Jeep,Avec kilomÃ©trage,2022,7,Automatique,4 x 4,Gris,Essence,,Compass,124000
5,Renault Express sÃ©rie 250,19000DT,https://www.tayara.tn/item/68dfd67de7035d31a40e6d28/Voitures/Tunis/Tunis/Renault_Express_srie_250/,,Avec kilomÃ©trage,2025,6,Manuelle,Autres,Noir,Hybride Diesel,,,19000
5,CitroÃ«n C4,N/A,https://www.tayara.tn/item/68dfd6326c505afdc05d5f75/Voitures/Zaghouan/Autres_Villes/Citron_C4_/,Citroen,Avec kilomÃ©trage,2009,6,Manuelle,Compacte,Bleu,Essence,1.4L,C4,260
5,A vendre : ğŸš˜ JEEP RENEGADE BVM ğŸš˜,65000DT,https://www.tayara.tn/item/67f79ef0fd1c6385be4a1b55/Voitures/Tunis/Le_Bardo/A_vendre_JEEP_RENEGADE_BVM_/,Jeep,Nouveau,2020,8,Manuelle,Compacte,Noir,Essence,1.4L,,190
5,Golf 6 1.4,N/A,https://www.tayara.tn/item/68dfd58c6c505afdc05d5edd/Voitures/Sfax/Sfax/Golf_6_14/,Volkswagen,Avec kilomÃ©trage,2011,5,Manuelle,Autres,Gris,Essence,1.4L,Golf 6,240
5,Volvo XC40 Black Edition â€“ Hybride lÃ©ger,N/A,https://www.tayara.tn/item/6818be77c5beda2b51d8a009/Voitures/Tunis/Lac_1/Volvo_XC40_Black_Edition_Hybride_lger/,Volvo,Nouveau,2024,9,Automatique,,Noir,Hybride,,,1000
5,A vendre kia Picanto boÃ®te automatique tte option :GSM:20178333,N/A,https://www.tayara.tn/item/68dfd4ef6c505afdc05d5e63/Voitures/Monastir/Monastir/A_vendre_kia_Picanto_bote_automatique_tte_option_GSM20178333/,Kia,Avec kilomÃ©trage,2016,5,Automatique,Berline,Beige,Essence,1.2L,Picanto,176
5,Dmax 4*4 importÃ©,116DT,https://www.tayara.tn/item/68dfd49ee7035d31a40e6b6f/Voitures/Bja/Nefza/Dmax_44_import/,Isuzu,Nouveau,2025,7,Manuelle,4 x 4,Noir,Diesel,2.5L,D-MAX,1000
5,HAVAL 6 BON ETAT 2EME Main,72500DT,https://www.tayara.tn/item/68bbead7c4782c5427acaf0d/Voitures/Tunis/El_Menzah_9/HAVAL_6_BON_ETAT_2EME_Main/,Haval,Avec kilomÃ©trage,2019,9,Automatique,4 x 4,Noir,Essence,1.5L,H6,170
5,206 sedan,12000DT,https://www.tayara.tn/item/68dfd2836c505afdc05d5c46/Voitures/Kairouan/Haffouz/206_sedan/,Peugeot,Avec kilomÃ©trage,2007,6,Manuelle,Berline,Beige,Essence,1.4L,206,239000
5,AuDi A1 S-Line Dans L'emballage Fin D'sÃ©rie,N/A,https://www.tayara.tn/item/68dfd230e7035d31a40e697b/Voitures/Tunis/Tunis/AuDi_A1_SLine_Dans_Lemballage_Fin_Dsrie_/,Audi,Nouveau,2025,6,Automatique,Compacte,Bleu,Essence,<1.0L,A1,5500
5,Ã€ vendre polo7. trÃ¨s bon Ã©tat. Jamais accidentÃ©e.. Tel: 28232341,29000DT,https://www.tayara.tn/item/68dfd1b7e7035d31a40e6917/Voitures/Ariana/Ennasr/_vendre_polo7_trs_bon_tat_Jamais_accidente_Tel_28232341_/,Volkswagen,Avec kilomÃ©trage,2010,4,Manuelle,Compacte,Bleu,Essence,1.2L,Polo,168000
5,C4 Cactus en bonne Ã©tat,35000DT,https://www.tayara.tn/item/68dfd0ac6c505afdc05d5a94/Voitures/Ben_Arous/Ben_Arous/C4_Cactus_en_bonne_tat_/,Citroen,Avec kilomÃ©trage,2018,5,Manuelle,Autres,Blanc,Essence,1.2L,C4 Cactus,200000
6,C4 Cactus en bonne Ã©tat,35000DT,https://www.tayara.tn/item/68dfd0ac6c505afdc05d5a94/Voitures/Ben_Arous/Ben_Arous/C4_Cactus_en_bonne_tat_/,Citroen,Avec kilomÃ©trage,2018,5,Manuelle,Autres,Blanc,Essence,1.2L,C4 Cactus,200000
6,PEUGEOT 208 TOUTE OPTION,N/A,https://www.tayara.tn/item/68dfcec1e7035d31a40e663a/Voitures/Sousse/Sousse/PEUGEOT_208_TOUTE_OPTION/,Peugeot,Nouveau,2022,5,Manuelle,Berline,Gris,Essence,1.2L,208,
6,MG zs version Trophy,N/A,https://www.tayara.tn/item/68dfcddee7035d31a40e658f/Voitures/Ben_Arous/Hammam_Lif/MG_zs_version_Trophy_/,Haval,Avec kilomÃ©trage,2022,9,Automatique,Autres,Gris,Essence,1.3L,jolion,87
6,V W T-ROC IMPORTER D ALLEMAGNE 5000 KM,N/A,https://www.tayara.tn/item/68dfcd17e7035d31a40e64f9/Voitures/Sousse/Sousse/V_W_TROC_IMPORTER_D_ALLEMAGNE_5000_KM/,Volkswagen,Nouveau,2022,,Manuelle,4 x 4,Noir,Essence,,T-ROC,5000
6,BMW 318 i  ( F30 ),78000DT,https://www.tayara.tn/item/68dfc8dbe7035d31a40e6116/Voitures/Tunis/Centre_Urbain_Nord/_BMW_318_i_F30_/,BMW,Avec kilomÃ©trage,2018,07,Automatique,Berline,Noir,Essence,1.5L,Serie 3,135000
6,Vente voiture,20DT,https://www.tayara.tn/item/68dfc88c6c505afdc05d530a/Voitures/Sfax/Kerkennah/Vente_voiture_/,Peugeot,Avec kilomÃ©trage,2008,,Manuelle,,Gris,Essence,,308,
6,Peugeot 208,28500DT,https://www.tayara.tn/item/68dfc7736c505afdc05d51fd/Voitures/Ariana/La_Soukra/Peugeot_208/,Peugeot,Avec kilomÃ©trage,2020,5,Manuelle,Compacte,Noir,Essence,1.2L,208,133000
6,Partner K9 ImportÃ©e 60.000km,N/A,https://www.tayara.tn/item/68bed6cd985e647fd0ea728e/Voitures/Ariana/Ariana/Partner_K9_Importe_60000km/,Peugeot,Nouveau,2022,5,Manuelle,Utilitaire,Blanc,Diesel,1.5L,Partner,60000
6,A vendre renault clio,N/A,https://www.tayara.tn/item/68dfc62ce7035d31a40e5ee5/Voitures/Bizerte/Bizerte_Nord/A_vendre_renault_clio_/,Renault,,2021,5,Manuelle,,Noir,Essence,<1.0L,Clio,103000
6,Kia rio,38DT,https://www.tayara.tn/item/68dfc5496c505afdc05d505a/Voitures/Sfax/Route_de_laroport/Kia_rio/,Kia,Nouveau,2017,5,Manuelle,Autres,Blanc,Essence,1.2L,Rio,185000
6,grande punto 1 Ã©re main,24500DT,https://www.tayara.tn/item/68dfc4eae7035d31a40e5db6/Voitures/Ariana/Ennasr/grande_punto_1_re_main/,Fiat,Avec kilomÃ©trage,2012,5,Manuelle,Compacte,Noir,Essence,1.2L,Grande Punto,140
6,ford fiesta titanium,N/A,https://www.tayara.tn/item/68dfc4b26c505afdc05d4fd4/Voitures/Tunis/L_Aouina/ford_fiesta_titanium/,Ford,Nouveau,2017,5,Manuelle,Compacte,Noir,Essence,1.2L,Fiesta,90000
6,peugoet 301 allure toute options,24500DT,https://www.tayara.tn/item/68dfc4456c505afdc05d4f55/Voitures/Sousse/Sahloul/peugoet_301_allure_toute_options/,Peugeot,Avec kilomÃ©trage,2015,5,Manuelle,Berline,Blanc,Essence,1.2L,301,149500
6,voiture,N/A,https://www.tayara.tn/item/68dfc325e7035d31a40e5c1c/Voitures/Sidi_Bouzid/Sidi_Bouzid_Ouest/voiture/,,,,,,,Autre,,,,1
6,K9 belingo 2022. 3 places ğŸ“± 98111827,48800DT,https://www.tayara.tn/item/68dfc2d6e7035d31a40e5bce/Voitures/Ben_Arous/Ezzahra/K9_belingo_2022_3_places_98111827/,Citroen,Avec kilomÃ©trage,2022,5,Manuelle,Berline,Blanc,Diesel,1.6L,Berlingo,100.000
6,polo 7 sedan,48500DT,https://www.tayara.tn/item/6830a7d8cf58eeced2441d3a/Voitures/Ariana/Ariana/polo_7_sedan_/,Volkswagen,Avec kilomÃ©trage,2022,5,Manuelle,Berline,Gris,Essence,1.4L,Polo,110000
6,Volkswagen Tiguan TU236,55111110DT,https://www.tayara.tn/item/6887b74e62d21a2c2e3bc65e/Voitures/Ariana/Ariana/Volkswagen_Tiguan_TU236/,Volkswagen,Avec kilomÃ©trage,20238,8,Automatique,Berline,Gris,Essence,1.4L,Tiguan,23000
6,haval h6 BVA,55111110DT,https://www.tayara.tn/item/68486c788bda81f7f5d9b3b4/Voitures/Ariana/Ariana/haval_h6_BVA/,Haval,Nouveau,2022,8,Automatique,4 x 4,Gris,Essence,1.5L,H6,58000
6,BMW G30 520I pack Individuel,55111110DT,https://www.tayara.tn/item/68d3a42a516f1ddb82e1d05e/Voitures/Ariana/Ariana/BMW_G30_520I_pack_Individuel_/,BMW,Avec kilomÃ©trage,2019,10,Automatique,Berline,Blanc,Essence,2.0L,Serie 5,200000
6,Jeep Renegade BVA,55111110DT,https://www.tayara.tn/item/68d6e71522ad3bf835feb60a/Voitures/Ariana/Ariana/Jeep_Renegade_BVA/,Jeep,Avec kilomÃ©trage,2017,8,Automatique,4 x 4,Blanc,Essence,1.4L,Kaisser,130000
6,a vendre,42DT,https://www.tayara.tn/item/68dfc10ee7035d31a40e59ee/Voitures/Tunis/Cit_Olympique/a_vendre_/,Mercedes-Benz,Nouveau,2013,6,Automatique,Compacte,Noir,Essence,1.8L,Classe A,200
6,Renlault clio,35800DT,https://www.tayara.tn/item/68dfbfc56c505afdc05d4b29/Voitures/Sousse/Khzema/Renlault_clio_/,Renault,Avec kilomÃ©trage,20222,5,,Berline,Gris,Essence,1.2L,Clio,115000
6,MG3 trÃ¨s propre,36500DT,https://www.tayara.tn/item/68dfbf71e7035d31a40e58b0/Voitures/Sousse/Sahloul/MG3_trs_propre_/,MG,Avec kilomÃ©trage,2021,6,Manuelle,Berline,Rouge,Essence,1.5L,3,105000
6,Toyota yaris 2021,N/A,https://www.tayara.tn/item/68dfa32ce7035d31a40e3e04/Voitures/Sousse/Kala_Sghira/Toyota_yaris_2021/,Toyota,Avec kilomÃ©trage,2021,,Manuelle,,Noir,Essence,,Yaris,145000
6,A200 52mkm seulement certifiÃ© Pach night kit amg +full option ImportÃ© rÃ©cemment full option,N/A,https://www.tayara.tn/item/68dfbe3d6c505afdc05d4a1b/Voitures/Tunis/El_Menzah_9/A200_52mkm_seulement_certifi_Pach_night_kit_amg_full_option_Import_rcemment_full_option_/,Mercedes-Benz,Avec kilomÃ©trage,2020,8,Automatique,Compacte,Gris,Essence,1.3L,Classe A,52000
6,C4,22000DT,https://www.tayara.tn/item/68dfbddf6c505afdc05d49c5/Voitures/Sfax/Sfax/C4_/,Citroen,Avec kilomÃ©trage,2008,6,Automatique,Berline,Noir,Essence,1.4L,C4,300
6,Seat Arona,72500DT,https://www.tayara.tn/item/6894c2d7fde7ee723b46de5f/Voitures/Ben_Arous/Boumhel/Seat_Arona/,Seat,Nouveau,2023,6,Automatique,Compacte,Bleu,Essence,<1.0L,Arosa,102000
6,c 15,12345DT,https://www.tayara.tn/item/68dfbc096c505afdc05d48b7/Voitures/Mahdia/Chorbane/c_15/,,,1230,6,Manuelle,,,,,,213165
6,C3 en bon etat 3morha 5ans w chahrin,42DT,https://www.tayara.tn/item/68dfba2ae7035d31a40e54f1/Voitures/Bizerte/Bizerte_Sud/C3_en_bon_etat_3morha_5ans_w_chahrin_/,Citroen,Avec kilomÃ©trage,2020,5,Manuelle,Compacte,Jaune,Diesel,1.6L,C3,440000
6,TrÃ¨s belle voiture contacter 22870193,38000DT,https://www.tayara.tn/item/68dfb9bde7035d31a40e548a/Voitures/Tunis/Gammarth/Trs_belle_voiture_contacter_22870193/,Chery,Nouveau,2019,7,Manuelle,Utilitaire,Blanc,Essence,1.5L,,87000
7,ğŸš˜Bmw Serie 420i Gran-coupÃ©  ///M PERFORMANCE LIMITED EDITION NÃ¨uf ğŸš˜,N/A,https://www.tayara.tn/item/68dfb8fae7035d31a40e53e4/Voitures/Ariana/Ariana_Essoughra/Bmw_Serie_420i_Grancoup_M_PERFORMANCE_LIMITED_EDITION_Nuf_/,BMW,Avec kilomÃ©trage,2016,10,Automatique,Autres,Gris,Essence,2.0L,Serie 5,121000
7,Super 5 Ã  vendre,5000DT,https://www.tayara.tn/item/68dfb8926c505afdc05d4600/Voitures/Ben_Arous/Fouchana/Super_5_vendre_/,Renault,Avec kilomÃ©trage,,,Manuelle,Autres,Bleu,Essence,,Super 5,
7,Fiat 500c cabriolet,29500DT,https://www.tayara.tn/item/68dfb877e7035d31a40e5387/Voitures/Tunis/Ain_Zaghouen/Fiat_500c_cabriolet_/,Fiat,Avec kilomÃ©trage,2011,4,Manuelle,Compacte,Blanc,Essence,1.1L,500C,176000
7,Une belle Hyundai I20 toute option Ã©tat neuf,48000DT,https://www.tayara.tn/item/68dfb6ef6c505afdc05d44b0/Voitures/Tunis/Tunis/Une_belle_Hyundai_I20_toute_option_tat_neuf/,Hyundai,Avec kilomÃ©trage,2021,5,Manuelle,Autres,Blanc,Essence,1.2L,I 20,103400
7,A vendre Peugeot 3008 diesel,81000DT,https://www.tayara.tn/item/68add4ab032c2f2572192c88/Voitures/Ben_Arous/Rads/A_vendre_Peugeot_3008_diesel_/,Peugeot,Avec kilomÃ©trage,2020,7,Automatique,Monospace,Noir,Diesel,1.5L,3008,72000
7,Mercedes classe E200 AMG,137000DT,https://www.tayara.tn/item/68cea4f207c7711d7c713ef8/Voitures/Ben_Arous/Rads/Mercedes_classe_E200_AMG_/,Mercedes-Benz,Avec kilomÃ©trage,2018,11,Automatique,Berline,Noir,Essence,2.0L,Classe E,150000
7,A vendre Audi Q3 boit automatique,66000DT,https://www.tayara.tn/item/68da6522516f1ddb82e5cb4f/Voitures/Ben_Arous/Rads/A_vendre_Audi_Q3_boit_automatique_/,Audi,Avec kilomÃ©trage,2014,8,Automatique,Monospace,Noir,Essence,1.4L,Q3,144000
7,Opel Astra CDTI,123DT,https://www.tayara.tn/item/68dfb659e7035d31a40e51db/Voitures/Tunis/El_Omrane/Opel_Astra_CDTI_/,Opel,Avec kilomÃ©trage,2008,5,Manuelle,Compacte,Gris,Diesel,1.3L,Astra,210000
7,A vendre Volkswagen Caddy Prestige,54220220DT,https://www.tayara.tn/item/68adc0bf82a3d05f2392eef9/Voitures/Ben_Arous/Rads/A_vendre_Volkswagen_Caddy_Prestige_/,Volkswagen,Avec kilomÃ©trage,2020,5,Manuelle,Utilitaire,Marron,Diesel,1.6L,Caddy,75000
7,Opel Astra CDTI,123DT,https://www.tayara.tn/item/68dfb6546c505afdc05d444c/Voitures/Tunis/El_Omrane/Opel_Astra_CDTI_/,Opel,Avec kilomÃ©trage,2009,5,Manuelle,Compacte,Gris,Diesel,1.3L,Astra,198000
7,A vendre Renault capteur hybride rechargeable 1.6L,75000DT,https://www.tayara.tn/item/68cea601516f1ddb82dec31a/Voitures/Ben_Arous/Rads/A_vendre_Renault_capteur_hybride_rechargeable_16L/,Renault,Avec kilomÃ©trage,2020,6,Automatique,Berline,Noir,Hybride essence,1.6L,Capture,12000
7,A vendre Peugeot 3008 1.6L,69000DT,https://www.tayara.tn/item/68adc414032c2f2572191d99/Voitures/Ben_Arous/Rads/A_vendre_Peugeot_3008_16L/,Peugeot,Avec kilomÃ©trage,2019,9,Automatique,Monospace,Noir,Essence,1.6L,3008,150000
7,A vendre Mini one 4 porte,49500DT,https://www.tayara.tn/item/68da6d2974e03a77e7ab8328/Voitures/Ben_Arous/Rads/A_vendre_Mini_one_4_porte_/,mini,Avec kilomÃ©trage,2015,6,Manuelle,Compacte,Orange,Essence,1.2L,One,81000
7,A vendre Mercedes Citan utilitaire,54000DT,https://www.tayara.tn/item/68adc58582a3d05f2392f3c9/Voitures/Ben_Arous/Rads/A_vendre_Mercedes_Citan_utilitaire_/,Mercedes-Benz,Avec kilomÃ©trage,2022,5,Manuelle,Utilitaire,Blanc,Diesel,1.5L,Utilitaire,57000
7,A vendre Range rover sport HSE 7 place,295000DT,https://www.tayara.tn/item/68add34e032c2f2572192b67/Voitures/Ben_Arous/Rads/A_vendre_Range_rover_sport_HSE_7_place_/,Land Rover,Avec kilomÃ©trage,2020,16,Automatique,4 x 4,Noir,Diesel,3.0L,Range Rover Sport,50000
7,A vendre Audi Q2,86000DT,https://www.tayara.tn/item/68cbf7b607c7711d7c6f92dc/Voitures/Ben_Arous/Rads/A_vendre_Audi_Q2_/,Audi,Avec kilomÃ©trage,2021,6,Automatique,Berline,Gris,Essence,<1.0L,,65000
7,A vendre Peugeot 2008,37000DT,https://www.tayara.tn/item/68cbf6df07c7711d7c6f9234/Voitures/Ben_Arous/Rads/A_vendre_Peugeot_2008_/,Peugeot,Avec kilomÃ©trage,2017,5,Manuelle,Monospace,Beige,Essence,1.2L,2008,100000
7,A vendre MG HS trophy,79000DT,https://www.tayara.tn/item/68adc1ca82a3d05f2392f02e/Voitures/Ben_Arous/Rads/A_vendre_MG_HS_trophy_/,MG,Avec kilomÃ©trage,2022,9,Automatique,Monospace,Noir,Essence,1.5L,HS,86000
7,A vendre Peugeot 2008 allure,N/A,https://www.tayara.tn/item/68adcbae82a3d05f2392f9c5/Voitures/Ben_Arous/Rads/A_vendre_Peugeot_2008_allure_/,Peugeot,Avec kilomÃ©trage,2022,6,Manuelle,Monospace,Argent,Essence,1.2L,2008,10000
7,A vendre Audi Q3 HYBRID rechargeable,N/A,https://www.tayara.tn/item/68c40f8071554c2d1b3096b8/Voitures/Ben_Arous/Rads/A_vendre_Audi_Q3_HYBRID_rechargeable_/,Audi,Avec kilomÃ©trage,2020,8,Automatique,Monospace,Gris,Hybride essence,1.2L,Q3,40000
7,Ford Mondeo Full options,33000DT,https://www.tayara.tn/item/68dfb5c7e7035d31a40e5162/Voitures/Ariana/Ennasr/Ford_Mondeo_Full_options/,,,,,,,,,,,
7,F10 520i kit M,1234DT,https://www.tayara.tn/item/68970c1ddbb2ce981b9b42cb/Voitures/Sousse/Sousse_Jawhara/F10_520i_kit_M/,BMW,Avec kilomÃ©trage,2013,10,Automatique,Berline,Blanc,Essence,2.0L,Serie 5,163000
7,E300 kit AMG,1234DT,https://www.tayara.tn/item/687e83d4d5464a896cb29753/Voitures/Sousse/Sousse_Jawhara/E300_kit_AMG/,Mercedes-Benz,Avec kilomÃ©trage,2021,12,Automatique,Berline,Noir,Hybride essence,2.0L,Classe E,44000
7,MITSUBISHI PAJERO SPORTï¿¼ V6 4WD,220000DT,https://www.tayara.tn/item/68d3b760d39682ea75d68674/Voitures/Tunis/Ain_Zaghouen/MITSUBISHI_PAJERO_SPORT_V6_4WD/,Mitsubishi,Nouveau,2022,15,Automatique,4 x 4,Blanc,Essence,3.0L,Pajero Sport,10000
7,passat b7 tdi blue motion,12333DT,https://www.tayara.tn/item/68dfb46f6c505afdc05d4297/Voitures/Le_Kef/Autres_Villes/passat_b7_tdi_blue_motion_/,Volkswagen,Nouveau,2010,5,Manuelle,Berline,Noir,Diesel,1.6L,Passat CC,200
7,VOLKSWAGEN GOLF 8 STYLE,70000DT,https://www.tayara.tn/item/68baa8ab985e647fd0e7e5d1/Voitures/Tunis/Ain_Zaghouen/VOLKSWAGEN_GOLF_8_STYLE/,Volkswagen,Avec kilomÃ©trage,2022,6,Manuelle,Autres,Noir,Essence,<1.0L,Golf,200000
7,ğŸŒŸ HUYNDAI TUCISON HYBRID N-LINEğŸŒŸ,136DT,https://www.tayara.tn/item/68c9287107c7711d7c6dc554/Voitures/Tunis/L_Aouina/_HUYNDAI_TUCISON_HYBRID_NLINE/,Hyundai,Nouveau,2022,10,Automatique,Autres,Gris,Hybride essence,1.6L,Tucson,79000
7,PEUGEOT 3008 ALLURE,72000DT,https://www.tayara.tn/item/68286f8841532c94f15b6d42/Voitures/Tunis/Ain_Zaghouen/PEUGEOT_3008_ALLURE/,Peugeot,Avec kilomÃ©trage,20,7,Automatique,4 x 4,Gris,Diesel,1.6L,3008,140000
7,Voiture MG zs  2021 en trÃ¨s bon Ã©tat,60000DT,https://www.tayara.tn/item/68dfb3066c505afdc05d40fd/Voitures/Ariana/Ariana/Voiture_MG_zs_2021_en_trs_bon_tat/,MG,Avec kilomÃ©trage,2021,0,Automatique,,Blanc,Essence,,ZS,97000
7,Fiat Tipo Taxi,38000DT,https://www.tayara.tn/item/68dfb2e46c505afdc05d40d3/Voitures/Tunis/Tunis/_Fiat_Tipo_Taxi/,Fiat,Avec kilomÃ©trage,2023,5,Manuelle,Compacte,Jaune,Diesel,1.3L,Tipo,280000
8,Suzuki dzire,33500DT,https://www.tayara.tn/item/68dfb149e7035d31a40e4cda/Voitures/La_Manouba/La_Manouba/Suzuki_dzire/,Suzuki,Avec kilomÃ©trage,2019,5,Manuelle,Compacte,Autre,Essence,1.2L,Maruti,150000
8,fiat panda,24000DT,https://www.tayara.tn/item/68dfb013e7035d31a40e4bbc/Voitures/Ariana/Ariana/fiat_panda/,Fiat,Avec kilomÃ©trage,2010,5,Automatique,Compacte,Rouge,Essence,1.2L,Panda,198000
8,Mercedes Class C AMG Line,69500DT,https://www.tayara.tn/item/68d7ddc307c7711d7c76f163/Voitures/Tunis/Tunis/Mercedes_Class_C_AMG_Line_/,Mercedes-Benz,Avec kilomÃ©trage,2012,9,Manuelle,Berline,Blanc,Diesel,2.2L,Classe C,235000
8,1ere main,31500DT,https://www.tayara.tn/item/68dfae1ce7035d31a40e49e8/Voitures/Bja/Bja/1ere_main/,Nissan,Nouveau,2020,5,Manuelle,Compacte,Autre,Essence,1.2L,Micra,130
8,"ğŸš¨4 roues range rover sport par 20""",3200DT,https://www.tayara.tn/item/68dfae11e7035d31a40e49e1/Voitures/Tunis/Carthage/4_roues_range_rover_sport_par_20/,Land Rover,Avec kilomÃ©trage,2015,20,Automatique,4 x 4,Gris,Essence,3.0L,Range Rover Sport,15000
8,Jeep Renegade limited,69900DT,https://www.tayara.tn/item/68dfab9fe7035d31a40e4799/Voitures/Ben_Arous/Boumhel/Jeep_Renegade_limited_/,Jeep,Avec kilomÃ©trage,2021,8,Automatique,4 x 4,Bleu,Essence,1.4L,Compass,78000
8,A vendre Range Rover Evoque 1 ere main,100000DT,https://www.tayara.tn/item/68dfaaf4e7035d31a40e46da/Voitures/Ben_Arous/Ben_Arous/A_vendre_Range_Rover_Evoque_1_ere_main/,Land Rover,Avec kilomÃ©trage,2016,11,Automatique,4 x 4,Noir,Diesel,2.2L,Range Rover Evoque,205000
8,CLIO BOMBÃ‰ 1ÃˆRE MAIN,2DT,https://www.tayara.tn/item/68dfaa7e6c505afdc05d38cb/Voitures/Sousse/Kantaoui/CLIO_BOMB_1RE_MAIN_/,Renault,Avec kilomÃ©trage,2001,4,Manuelle,Berline,Rouge,Essence,1.2L,Clio,00
8,alpha mito,22000DT,https://www.tayara.tn/item/68dfaa4ee7035d31a40e4640/Voitures/Ariana/Ariana/alpha_mito/,Alfa Romeo,Avec kilomÃ©trage,2011,5,Manuelle,,Rouge,Essence,,,220000
8,Symbol Renault,24000DT,https://www.tayara.tn/item/68dfa9f46c505afdc05d3848/Voitures/Ariana/Ariana/Symbol_Renault/,Renault,Avec kilomÃ©trage,2009,5,Manuelle,,Autre,Essence,,Symbol,1
8,Clio 4 trÃ¨s propre Ã  vendre,42500DT,https://www.tayara.tn/item/68dfa9ea6c505afdc05d383b/Voitures/Ariana/Borj_Louzir/Clio_4_trs_propre_vendre/,Renault,Avec kilomÃ©trage,2021,5,Manuelle,Berline,Rouge,Essence,<1.0L,Clio,76000
8,Kia,38000DT,https://www.tayara.tn/item/68dfa9d26c505afdc05d3820/Voitures/Ariana/Ariana/Kia/,Kia,,2014,5,Manuelle,,Noir,Essence,>4.0L,Rio,146000
8,Audi A4 1.4 TFSI,87000DT,https://www.tayara.tn/item/68dfa9b46c505afdc05d3804/Voitures/Sousse/Khzema/Audi_A4_14_TFSI_/,Audi,Avec kilomÃ©trage,2018,8,Automatique,Berline,Blanc,Essence,1.4L,A4,96000
8,Hyundai i30,77DT,https://www.tayara.tn/item/68dfa7dce7035d31a40e436e/Voitures/Tunis/Tunis/Hyundai_i30/,Hyundai,Avec kilomÃ©trage,2020,6,Manuelle,Berline,Blanc,Diesel,1.6L,I 30,94000
8,mercedes classe a200 amg,N/A,https://www.tayara.tn/item/68dfa5a0e7035d31a40e40b6/Voitures/Tunis/Le_Bardo/mercedes_classe_a200_amg/,Mercedes-Benz,Avec kilomÃ©trage,2020,9,Automatique,Berline,Gris,Essence,1.7L,Classe A,70000
8,GLE 350 de kit AMG,1234DT,https://www.tayara.tn/item/67d4b49afd1c6385be352d4f/Voitures/Sousse/Sousse_Jawhara/GLE_350_de_kit_AMG/,Mercedes-Benz,Avec kilomÃ©trage,2021,11,Automatique,4 x 4,Blanc,Hybride Diesel,2.0L,Classe GLE,65000
8,B250e kit Amg,1234DT,https://www.tayara.tn/item/6818bd47c1f8f57898ea91d6/Voitures/Sousse/Sousse_Jawhara/B250e_kit_Amg/,Mercedes-Benz,Avec kilomÃ©trage,2021,8,Automatique,Berline,Gris,Hybride essence,1.4L,Classe B,41000
8,Opel Astra h,28000DT,https://www.tayara.tn/item/68dfa473e7035d31a40e3f58/Voitures/Sousse/Sousse/Opel_Astra_h_/,Opel,Avec kilomÃ©trage,2006,5,Automatique,Compacte,Noir,Essence,1.4L,Astra,160000
8,Hyundai IX35 importÃ©e ğŸ‡©ğŸ‡ª,N/A,https://www.tayara.tn/item/68dfa40c6c505afdc05d31a6/Voitures/Tunis/Tunis/Hyundai_IX35_importe_/,Hyundai,Avec kilomÃ©trage,2012,8,Manuelle,4 x 4,Noir,Diesel,1.7L,Ix 35,223400
8,Polo 7,N/A,https://www.tayara.tn/item/68dfa3726c505afdc05d3109/Voitures/Tunis/Tunis/Polo_7/,Volkswagen,Avec kilomÃ©trage,2012,5,Manuelle,,Noir,Essence,1.2L,Polo,268000
8,Polo 7,N/A,https://www.tayara.tn/item/68dfa29d6c505afdc05d301f/Voitures/Sfax/Route_Tunis/Polo_7/,Volkswagen,Avec kilomÃ©trage,2012,5,Manuelle,,Noir,Essence,1.2L,Polo,2680000
8,Golf 6 tem ndifa barcha 50256255K,N/A,https://www.tayara.tn/item/68dfa291e7035d31a40e3d6b/Voitures/Sfax/Route_GREMDA/Golf_6_tem_ndifa_barcha_50256255K_/,Volkswagen,Nouveau,2011,5,Manuelle,Berline,Gris,Essence,1.4L,Golf 8,200
8,"Peugeot Expert 2.0L XXL, 1.5T , Toutes options, FranÃ§aise",N/A,https://www.tayara.tn/item/68dfa2846c505afdc05d3005/Voitures/Sfax/Sfax/_Peugeot_Expert_20L_XXL_15T_Toutes_options_Franaise_/,Peugeot,Avec kilomÃ©trage,2018,7,Manuelle,Autres,Blanc,Diesel,2.0L,Expert,158000
8,Mercedes CLA 250e,145000DT,https://www.tayara.tn/item/68dfa20ae7035d31a40e3cd6/Voitures/Mahdia/Autres_Villes/Mercedes_CLA_250e_/,Mercedes-Benz,Avec kilomÃ©trage,2021,7,Automatique,Autres,Noir,Hybride essence,1.3L,250,68000
8,polo sedan,47000DT,https://www.tayara.tn/item/68dfa0fce7035d31a40e3bb0/Voitures/Ariana/Ariana_Essoughra/polo_sedan_/,Volkswagen,Nouveau,2022,5,Manuelle,Berline,Gris,Essence,1.4L,Polo,104000
8,Golf 1 Ù…Ø²ÙˆØ·,3000DT,https://www.tayara.tn/item/68dfa0e5e7035d31a40e3b9c/Voitures/La_Manouba/Autres_Villes/Golf_1_/,Autres,RS,1982,00,Manuelle,Autres,Blanc,Diesel,1.5L,Autres,570000
8,Citroen C5 Phase 2,27000DT,https://www.tayara.tn/item/68dfa0cde7035d31a40e3b82/Voitures/Sousse/Sahloul/Citroen_C5_Phase_2_/,Citroen,Avec kilomÃ©trage,2011,9,Automatique,Autres,Blanc,Essence,1.6L,C5,250
8,kia picanto,30000DT,https://www.tayara.tn/item/68dfa04ae7035d31a40e3aed/Voitures/Ariana/La_Soukra/kia_picanto_/,Kia,Avec kilomÃ©trage,2014,4,Manuelle,Compacte,Marron,Essence,1.2L,Picanto,201500
8,Chery Tiggo 2 Bonne Occasion a Vendre,42000DT,https://www.tayara.tn/item/68caf9e2516f1ddb82dc9014/Voitures/Tunis/Tunis/Chery_Tiggo_2_Bonne_Occasion_a_Vendre/,Chery,Avec kilomÃ©trage,2020,6,Manuelle,,Blanc,Essence,1.5L,Tiggo,88000
8,Kia Rio 1ere main,N/A,https://www.tayara.tn/item/68df9ffbe7035d31a40e3a83/Voitures/Monastir/Monastir/Kia_Rio_1ere_main/,Kia,Nouveau,2022,5,Manuelle,Compacte,Rouge,Essence,1.2L,Rio,7
9,Geely GX3 Bonne Occasion a Vendre,47000DT,https://www.tayara.tn/item/68af354b82a3d05f2393ec79/Voitures/Tunis/Tunis/Geely_GX3_Bonne_Occasion_a_Vendre/,Geely,Avec kilomÃ©trage,2021,6,Manuelle,,,Essence,1.5L,,97000
9,Suzuki Ciaz Boite auto,43000DT,https://www.tayara.tn/item/68df9fe16c505afdc05d2d06/Voitures/Ariana/Cit_Ennasr_2/Suzuki_Ciaz_Boite_auto_/,Suzuki,Avec kilomÃ©trage,2022,6,Automatique,Berline,Beige,Essence,1.2L,Swift,100000
9,Peugeot 301 Bonne Occasion a Vendre,38000DT,https://www.tayara.tn/item/68af343482a3d05f2393eb43/Voitures/Tunis/Tunis/Peugeot_301_Bonne_Occasion_a_Vendre/,Peugeot,Avec kilomÃ©trage,2022,5,Manuelle,Berline,Gris,Essence,1.2L,301,19500
9,Tivoli 40.000km 1Ã¨re main,62000DT,https://www.tayara.tn/item/68df9f2fe7035d31a40e3995/Voitures/Ariana/Cit_Ennasr_2/Tivoli_40000km_1re_main_/,Ssangyong,Nouveau,2020,8,Automatique,Berline,Noir,Essence,1.8L,Tivoli,40000
9,Clio,N/A,https://www.tayara.tn/item/68df9f05e7035d31a40e396d/Voitures/Monastir/Moknine/Clio/,Renault,Avec kilomÃ©trage,2000,4,Manuelle,Autres,Gris,Essence,>4.0L,Clio,280000
9,CLA 180 AMG 79milles km,120000DT,https://www.tayara.tn/item/68df9ee26c505afdc05d2be2/Voitures/Tunis/Tunis/CLA_180_AMG_79milles_km_/,Mercedes-Benz,Nouveau,2020,8,Manuelle,Compacte,Noir,Essence,1.8L,Classe CLA,79000
9,A vendre une belle voiture Kia Sportage 1.7 diesel mise en surculation 2013 ImportÃ© D'Allemagne  ce trouve Ã  la Marsa 98 255 804,51000DT,https://www.tayara.tn/item/68d787a1516f1ddb82e42f61/Voitures/Tunis/La_Marsa/A_vendre_une_belle_voiture_Kia_Sportage_17_diesel_mise_en_surculation_2013_Import_DAllemagne_ce_trouve_la_Marsa_98_255_804/,Kia,Avec kilomÃ©trage,2013,7,Manuelle,Berline,Blanc,Diesel,1.7L,Sportage,182000
9,Vente Volkswagen Golf 7,N/A,https://www.tayara.tn/item/68df9df46c505afdc05d2b03/Voitures/Sfax/Route_El_Afrane/Vente_Volkswagen_Golf_7/,Volkswagen,Avec kilomÃ©trage,2019,6,Manuelle,Compacte,Gris,Diesel,1.6L,Golf,145000
9,A VENRE VW JETTA 2012,41000DT,https://www.tayara.tn/item/68daa96307c7711d7c788dd0/Voitures/Tunis/Le_Bardo/A_VENRE_VW_JETTA_2012/,Volkswagen,Avec kilomÃ©trage,2012,8,Manuelle,Berline,Blanc,Essence,2.0L,Jetta,254000
9,passaat B 9 Diesel â›½ï¸,N/A,https://www.tayara.tn/item/68df9c8a6c505afdc05d299e/Voitures/Ariana/Ariana/passaat_B_9_Diesel_/,Volkswagen,Avec kilomÃ©trage,2016,5,Manuelle,Berline,Bleu,Diesel,2.0L,Passat,300000
9,Audi A5 Sline,145000DT,https://www.tayara.tn/item/68df9c7a6c505afdc05d298f/Voitures/Ariana/La_Soukra/Audi_A5_Sline/,Audi,Avec kilomÃ©trage,2021,8,Automatique,Berline,Gris,Essence,2.0L,A5,41000
9,golf 6 1.4,N/A,https://www.tayara.tn/item/68df9c016c505afdc05d290d/Voitures/Ariana/Ariana/golf_6_14/,Volkswagen,Avec kilomÃ©trage,2012,5,Manuelle,Compacte,Bleu,Essence,1.4L,Golf,250000
9,polo7,26000DT,https://www.tayara.tn/item/68df9a886c505afdc05d2789/Voitures/Tunis/La_Marsa/polo7/,Volkswagen,Avec kilomÃ©trage,2010,4,Automatique,Compacte,Gris,Essence,1.2L,Polo,230000
9,clio 5  modÃ¨le 2022,46000DT,https://www.tayara.tn/item/68df99426c505afdc05d263a/Voitures/Sidi_Bouzid/Sidi_Bouzid/clio_5_modle_2022/,Renault,Nouveau,2022,5,Manuelle,Berline,Blanc,Essence,1.6L,Clio,123
9,megane sedan,16000DT,https://www.tayara.tn/item/68df99386c505afdc05d262f/Voitures/Ariana/Borj_Louzir/megane_sedan/,Renault,Avec kilomÃ©trage,2005,5,Manuelle,Berline,Gris,Essence,1.4L,,200
9,2018 Volkswagen tiguan allspace â€“ finition carat,110000DT,https://www.tayara.tn/item/68df98986c505afdc05d2587/Voitures/Sousse/Enfidha/2018_Volkswagen_tiguan_allspace_finition_carat/,Volkswagen,Avec kilomÃ©trage,2018,,Manuelle,4 x 4,Noir,Diesel,2.0L,Tiguan,141000
9,Golf 6 1Ã¨re main importÃ© de l'allemagne a vendre ou Ã©change,N/A,https://www.tayara.tn/item/68df98146c505afdc05d24fe/Voitures/Sfax/Route_GREMDA/Golf_6_1re_main_import_de_lallemagne_a_vendre_ou_change_/,Volkswagen,Avec kilomÃ©trage,2010,7,Manuelle,Compacte,Noir,Essence,1.2L,Golf 6,250000
9,PEUGEOT 2008,44900DT,https://www.tayara.tn/item/68df980d6c505afdc05d24f8/Voitures/Sousse/Sousse/PEUGEOT_2008/,Peugeot,Avec kilomÃ©trage,2018,4,Manuelle,Monospace,Noir,Essence,1.1L,2008,87000
9,Suzuki Swift BVA en trÃ¨s bon Ã©tat chez particulier,43997DT,https://www.tayara.tn/item/68df97efe7035d31a40e32c6/Voitures/Tunis/El_Menzah_9/Suzuki_Swift_BVA_en_trs_bon_tat_chez_particulier/,Suzuki,Avec kilomÃ©trage,2023,5,Automatique,,,Essence,1.2L,Swift,81000
9,chery tiggo 2 98414967,N/A,https://www.tayara.tn/item/68df9721e7035d31a40e31b9/Voitures/Sfax/Sakiet_Ezzit/chery_tiggo_2_98414967/,Chery,Avec kilomÃ©trage,2020,6,Manuelle,4 x 4,Noir,Essence,1.5L,Tiggo,100000
9,HavaL h6,N/A,https://www.tayara.tn/item/68df9708e7035d31a40e3199/Voitures/Sfax/Route_Tunis/HavaL_h6/,Haval,Avec kilomÃ©trage,2019,9,Automatique,4 x 4,Noir,Essence,1.5L,H6,103000
9,EVOQUE,105000DT,https://www.tayara.tn/item/68df964de7035d31a40e30dd/Voitures/Sousse/Hammam_Sousse/EVOQUE/,Land Rover,,2018,8,Automatique,4 x 4,,Diesel,,Range Rover Evoque,167000
9,kia picanto 1Ã¨re main klm 48000,N/A,https://www.tayara.tn/item/68df94996c505afdc05d213d/Voitures/Sfax/Route_Tunis/kia_picanto_1re_main_klm_48000/,Kia,Nouveau,2021,5,Manuelle,Berline,Rouge,Essence,1.4L,Picanto,48000
9,Bmw X1,N/A,https://www.tayara.tn/item/68df94936c505afdc05d2134/Voitures/Sfax/Sfax/Bmw_X1_/,BMW,Avec kilomÃ©trage,2016,11,Automatique,Compacte,Gris,Essence,2.0L,X1,145000
9,Q5 Sline e-tron,N/A,https://www.tayara.tn/item/68df9472e7035d31a40e2f25/Voitures/Sfax/Sfax/Q5_Sline_etron/,Audi,Avec kilomÃ©trage,2021,15,Automatique,4 x 4,Gris,Hybride essence,2.0L,Q5,72000
9,Megane4 essence,N/A,https://www.tayara.tn/item/68df946ee7035d31a40e2f21/Voitures/Sfax/Sfax/Megane4_essence/,Renault,Avec kilomÃ©trage,2018,7,Manuelle,Compacte,Marron,Essence,1.2L,Megane,55000
9,Audi Q3,N/A,https://www.tayara.tn/item/68df946ae7035d31a40e2f1d/Voitures/Sfax/Sfax/Audi_Q3/,Audi,Avec kilomÃ©trage,2016,8,Automatique,Compacte,Camel,Essence,1.8L,Q3,133000
9,E200 coupÃ©e 2013 Amg,N/A,https://www.tayara.tn/item/68df944ce7035d31a40e2f08/Voitures/Sfax/Sfax/E200_coupe_2013_Amg/,Mercedes-Benz,Avec kilomÃ©trage,2013,11,Manuelle,Compacte,Noir,Essence,1.8L,Classe E,130000
9,Fiesta titanium,N/A,https://www.tayara.tn/item/68df94486c505afdc05d20f5/Voitures/Sfax/Sfax/Fiesta_titanium_/,Ford,Avec kilomÃ©trage,2014,5,Manuelle,Compacte,Noir,Essence,1.2L,Fiesta,185000
9,Audi Q3 quattro Sline,N/A,https://www.tayara.tn/item/68df942a6c505afdc05d20e1/Voitures/Sfax/Sfax/Audi_Q3_quattro_Sline/,Audi,Avec kilomÃ©trage,2013,10,Manuelle,4 x 4,Blanc,Essence,1.8L,Q3,203000
10,C180 annÃ©e 2012,N/A,https://www.tayara.tn/item/68df9412e7035d31a40e2edd/Voitures/Sfax/Sfax/C180_anne_2012/,Mercedes-Benz,Avec kilomÃ©trage,2012,9,Automatique,Compacte,Noir,Essence,1.8L,Classe C,160000
10,Golf 6 diesel,N/A,https://www.tayara.tn/item/68df940d6c505afdc05d20c3/Voitures/Sfax/Sfax/Golf_6_diesel/,Volkswagen,Avec kilomÃ©trage,2011,5,Manuelle,Compacte,Gris,Diesel,1.6L,Golf,204000
10,BYD Song,73000DT,https://www.tayara.tn/item/68df93b06c505afdc05d206f/Voitures/Ariana/La_Soukra/BYD_Song/,BYD,Nouveau,2022,9,Automatique,4 x 4,Gris,Essence,2.0L,F1,99000
10,Tucson Nline diesel hybride,N/A,https://www.tayara.tn/item/68df9380e7035d31a40e2e60/Voitures/Sfax/Sfax/Tucson_Nline_diesel_hybride_/,Hyundai,Avec kilomÃ©trage,2020,7,Automatique,4 x 4,Gris,Hybride Diesel,1.6L,Tucson,140000
10,Megane 4 BVA,N/A,https://www.tayara.tn/item/68df937c6c505afdc05d203c/Voitures/Sfax/Sfax/Megane_4_BVA/,Renault,Avec kilomÃ©trage,2020,7,Automatique,Compacte,Blanc,Essence,1.2L,Megane,90000
10,C3 franÃ§aise toutes options,N/A,https://www.tayara.tn/item/68df93626c505afdc05d2024/Voitures/Sfax/Sfax/C3_franaise_toutes_options_/,Citroen,Avec kilomÃ©trage,2008,5,Manuelle,Compacte,Noir,Essence,1.2L,C3,233000
10,308 Sw,N/A,https://www.tayara.tn/item/68df935e6c505afdc05d201e/Voitures/Sfax/Sfax/308_Sw/,Peugeot,Avec kilomÃ©trage,2020,6,Manuelle,Berline,Bleu,Essence,1.2L,308,200000
10,"Parachoc arriÃ¨re mercedes W212 , classe E , noir",590DT,https://www.tayara.tn/item/68df92506c505afdc05d1f31/Voitures/Sfax/Sfax_Ville/Parachoc_arrire_mercedes_W212_classe_E_noir/,Mercedes-Benz,Nouveau,2011,11,Automatique,Berline,Noir,Diesel,2.0L,Classe E,1000
10,Hyundai Kona N Line,95000DT,https://www.tayara.tn/item/68df923be7035d31a40e2d46/Voitures/Sousse/Hammam_Sousse/Hyundai_Kona_N_Line/,Hyundai,Avec kilomÃ©trage,2022,11,Automatique,4 x 4,Gris,Essence,1.6L,Kona,88000
10,feu arriÃ¨re Golf 50256255K,N/A,https://www.tayara.tn/item/68df9156e7035d31a40e2c66/Voitures/Sfax/Route_GREMDA/feu_arrire_Golf_50256255K_/,Volkswagen,Nouveau,2017,5,Manuelle,Berline,Blanc,Essence,1.4L,Golf,0
10,i20 jdida bacou 1Ã¨re main,N/A,https://www.tayara.tn/item/68df9150e7035d31a40e2c5c/Voitures/Ben_Arous/El_Mourouj/i20_jdida_bacou_1re_main_/,Hyundai,Nouveau,2022,5,Manuelle,Berline,Bleu,Essence,1.4L,I 20,80
10,208 1Ã¨re main ndifa barcha,N/A,https://www.tayara.tn/item/68df90ed6c505afdc05d1dfd/Voitures/Sfax/Route_Tunis/208_1re_main_ndifa_barcha_/,Peugeot,Nouveau,2022,4,Manuelle,Berline,Gris,Essence,1.2L,208,40
10,k9 jdida bacou 50256255,4DT,https://www.tayara.tn/item/68df90e76c505afdc05d1df8/Voitures/Sfax/Route_GREMDA/k9_jdida_bacou_50256255/,Peugeot,Nouveau,2022,5,Manuelle,Berline,Blanc,Diesel,1.6L,Partner,110
10,Fiat grande Punto,29000DT,https://www.tayara.tn/item/68df90d66c505afdc05d1de6/Voitures/Nabeul/Bni_Khiar/Fiat_grande_Punto_/,Fiat,Nouveau,2015,4,Manuelle,Compacte,Noir,Essence,1.2L,Grande Punto,165000
10,Hyundai i30 Break,68000DT,https://www.tayara.tn/item/68df90b26c505afdc05d1dc1/Voitures/Mahdia/Essouassi/Hyundai_i30_Break_/,Hyundai,Avec kilomÃ©trage,2019,6,Manuelle,Autres,Argent,Diesel,1.4L,I 30,109000
10,4 Roues (Jante Alu + Pneu PIRELLI) VW 215/60/R16,3000DT,https://www.tayara.tn/item/68df909a6c505afdc05d1da4/Voitures/Sfax/Sfax_Ville/4_Roues_Jante_Alu_Pneu_PIRELLI_VW_21560R16/,Volkswagen,Nouveau,2020,11,Automatique,Berline,Noir,Diesel,2.0L,Passat,10000
10,2022 SUZUKI CELERIO BVA,36500DT,https://www.tayara.tn/item/68df90076c505afdc05d1d1c/Voitures/Tunis/La_Marsa/2022_SUZUKI_CELERIO_BVA/,Suzuki,Avec kilomÃ©trage,2022,4,Automatique,Compacte,Bleu,Essence,<1.0L,Celerio,108000
10,Passat b8 tdi carat toit ouvrant,N/A,https://www.tayara.tn/item/68df8fdbe7035d31a40e2af7/Voitures/Sousse/Sidi_Bou_Ali/Passat_b8_tdi_carat_toit_ouvrant_/,Volkswagen,Avec kilomÃ©trage,2013,5,Manuelle,Berline,Bleu,Diesel,1.6L,Passat CC,180000
10,c200d AMG 2021,N/A,https://www.tayara.tn/item/68df8fd16c505afdc05d1cf1/Voitures/Sousse/Kantaoui/c200d_AMG_2021/,Mercedes-Benz,Nouveau,2021,8,Automatique,Berline,Gris,Diesel,2.0L,Classe C Coupe,146000
10,Golf 7.5 tdi Hayhline 2019,N/A,https://www.tayara.tn/item/68df8fc76c505afdc05d1ce9/Voitures/Sousse/Sidi_Bou_Ali/Golf_75_tdi_Hayhline_2019/,Volkswagen,Nouveau,2019,6,Manuelle,Berline,Bleu,Diesel,1.6L,Golf,150000
10,CITROÃ‹N BERLINGO IMPORTÃ‰E EN TRÃˆS BON Ã‰TAT,45500DT,https://www.tayara.tn/item/68df8df3e7035d31a40e2960/Voitures/Tataouine/Autres_Villes/CITRON_BERLINGO_IMPORTE_EN_TRS_BON_TAT_/,Citroen,Avec kilomÃ©trage,2020,5,Manuelle,Utilitaire,Blanc,Diesel,1.5L,Berlingo,106000
10,Peugeot 2008 fin 2021 importÃ©ğŸ‡«ğŸ‡·neuf â˜ï¸53.77.44.70â˜ï¸,N/A,https://www.tayara.tn/item/68df8db06c505afdc05d1b4c/Voitures/Sousse/Sahloul/Peugeot_2008_fin_2021_importneuf_53774470/,Peugeot,Nouveau,2021,5,Manuelle,Compacte,Blanc,Diesel,1.5L,2008,175000
10,Clio fin 2021 importÃ©ğŸ‡«ğŸ‡·neuf â˜ï¸53.77.44.70â˜ï¸,N/A,https://www.tayara.tn/item/68df8ce36c505afdc05d1a87/Voitures/Sousse/Sahloul/Clio_fin_2021_importneuf_53774470/,Renault,Nouveau,2022,5,Manuelle,Compacte,Blanc,Essence,<1.0L,Clio,110000
10,a vendre bmw e45,22DT,https://www.tayara.tn/item/68df8cc9e7035d31a40e2857/Voitures/Sfax/Sfax_Ville/a_vendre_bmw_e45/,BMW,RS,1999,7,Manuelle,Compacte,Gris,Essence,1.6L,Serie 3,350
10,passat b 9 essence â›½ï¸ 1.4,77000DT,https://www.tayara.tn/item/68df8b886c505afdc05d1911/Voitures/Sfax/ROUTE_SALTANIA/passat_b_9_essence_14_/,Volkswagen,Avec kilomÃ©trage,2020,8,Automatique,Compacte,Noir,Essence,1.4L,Passat,101000
10,"Mercedes Classe C220 Cdi W204n(OM646) boite auto en trÃ¨s bon Ã©tat (Avantgarde) 
faible kilomÃ©trage et bien entretenue",43500DT,https://www.tayara.tn/item/68df8b6f6c505afdc05d18f3/Voitures/Tunis/Le_Bardo/Mercedes_Classe_C220_Cdi_W204nOM646_boite_auto_en_trs_bon_tat_Avantgarde_faible_kilomtrage_et_bien_entretenue_/,Mercedes-Benz,Avec kilomÃ©trage,2008,10,Automatique,Berline,Noir,Diesel,2.2L,Classe C Coupe,2400000
10,ford fiesta,N/A,https://www.tayara.tn/item/68df8b216c505afdc05d18a9/Voitures/Tunis/Tunis/ford_fiesta_/,Ford,Avec kilomÃ©trage,2007,5,Manuelle,Berline,Rouge,Essence,1.4L,Fiesta,169
10,Nissan qashqai,65000DT,https://www.tayara.tn/item/68df8ad86c505afdc05d1872/Voitures/Ben_Arous/El_Mourouj_6/Nissan_qashqai/,Nissan,Avec kilomÃ©trage,2018,6,Automatique,4 x 4,Blanc,Essence,1.3L,Qashqai,160000
10,Clio 4 dynamique,N/A,https://www.tayara.tn/item/68df8aa5e7035d31a40e262f/Voitures/Sousse/Khzema/Clio_4_dynamique_/,Renault,Nouveau,2017,5,Manuelle,Monospace,Bleu,Essence,1.2L,Clio,110
10,A vendre ML270 CDI   GSM 55 510 020,10000DT,https://www.tayara.tn/item/68df8a01e7035d31a40e25b6/Voitures/Ben_Arous/Hammam_Chott/A_vendre_ML270_CDI_GSM_55_510_020_/,Mercedes-Benz,PiÃ¨ces manquantes,2002,11,Manuelle,4 x 4,Bleu,Diesel,2.0L,Classe M,
